,lemma,locution
0,a contrario,oui
1,a fortiori,oui
2,a latere,oui
3,a minima,oui
4,a posteriori,oui
5,a priori,oui
6,a tempera,non
7,ab absurdo,oui
8,ab origine,oui
9,abandonnément,non
10,abjectement,non
11,ablativo,non
12,abominablement,non
13,abondamment,non
14,aboralement,non
15,abouliquement,non
16,abracadabra,non
17,abruptement,non
18,abrégément,non
19,abréviativement,non
20,absconsement,non
21,absconsément,non
22,absolument,non
23,abstractivement,non
24,abstraitement,non
25,abstrusément,non
26,absurdement,non
27,abusivement,non
28,académiquement,non
29,acariâtrement,non
30,accelerando,non
31,acceptablement,non
32,accessoirement,non
33,accidentellement,non
34,accortement,non
35,accélérando,non
36,acerbement,non
37,acidement,non
38,acoustiquement,non
39,acrimonieusement,non
40,acrobatiquement,non
41,actiniquement,non
42,activement,non
43,actuellement,non
44,ad hoc,oui
45,ad hominem,oui
46,ad libitum,oui
47,ad limina,oui
48,ad litem,oui
49,ad litteram,oui
50,ad nauseam,oui
51,ad nutum,oui
52,ad patres,oui
53,ad personam,oui
54,ad valorem,oui
55,ad vitam aeternam,oui
56,adagio,non
57,additionnellement,non
58,additivement,non
59,adens,non
60,adent,non
61,adiabatiquement,non
62,adipeusement,non
63,adjectivement,non
64,administrativement,non
65,admirablement,non
66,admirativement,non
67,adonc,non
68,adoncque,non
69,adoncques,non
70,adorablement,non
71,adroitement,non
72,adultérieurement,non
73,adverbialement,non
74,adversativement,non
75,adéquatement,non
76,afanaf,non
77,affablement,non
78,affaireusement,non
79,affectionnément,non
80,affectivement,non
81,affectueusement,non
82,affectuoso,non
83,affetto,non
84,affettuoso,non
85,affetuoso,non
86,affinement,non
87,affirmativement,non
88,affreusement,non
89,afnaf,non
90,agilement,non
91,agitato,non
92,agnostiquement,non
93,agogiquement,non
94,agressivement,non
95,agrestement,non
96,agrochimiquement,non
97,agrologiquement,non
98,agronomiquement,non
99,agréablement,non
100,aguicheusement,non
101,aidant,non
102,aigrement,non
103,aigûment,non
104,ailleurs,non
105,aimablement,non
106,ainsi,non
107,ainsi de suite,oui
108,aisément,non
109,alchimiquement,non
110,alcooliquement,non
111,alentour,non
112,alertement,non
113,algorithmiquement,non
114,algébriquement,non
115,alias,non
116,alimentairement,non
117,allegretto,non
118,allegro,non
119,allergiquement,non
120,allopathiquement,non
121,allusivement,non
122,allègrement,non
123,allégoriquement,non
124,allégrement,non
125,allégretto,non
126,allégro,non
127,allô,non
128,alors,non
129,alphabétiquement,non
130,alternativement,non
131,altimétriquement,non
132,altièrement,non
133,altruistement,non
134,aléatoirement,non
135,amabile,non
136,ambigument,non
137,ambitieusement,non
138,amiablement,non
139,amicalement,non
140,amiteusement,non
141,amitieusement,non
142,amoralement,non
143,amoroso,non
144,amoureusement,non
145,amphibologiquement,non
146,amphigouriquement,non
147,amplement,non
148,ampoulément,non
149,amusamment,non
150,amusément,non
151,amènement,non
152,amèrement,non
153,anachroniquement,non
154,anagogiquement,non
155,anagrammatiquement,non
156,analogiquement,non
157,analoguement,non
158,analytiquement,non
159,anaphoriquement,non
160,anarchiquement,non
161,anatomiquement,non
162,anatomo-pathologiquement,non
163,ancestralement,non
164,anciennement,non
165,andante,non
166,andantino,non
167,anecdotiquement,non
168,angulairement,non
169,anguleusement,non
170,angéliquement,non
171,anharmoniquement,non
172,animalement,non
173,animato,non
174,anno domini,oui
175,annuellement,non
176,anodinement,non
177,anonymement,non
178,anormalement,non
179,anthropocentriquement,non
180,anthropologiquement,non
181,anthropomorphiquement,non
182,anthropométriquement,non
183,anticipativement,non
184,anticonstitutionnellement,non
185,antidémocratiquement,non
186,antigéniquement,non
187,antinomiquement,non
188,antipathiquement,non
189,antipatriotiquement,non
190,antiquement,non
191,antiscientifiquement,non
192,antisocialement,non
193,antisportivement,non
194,antisymétriquement,non
195,antithétiquement,non
196,antiéconomiquement,non
197,antiétatiquement,non
198,antécédement,non
199,antécédemment,non
200,antérieurement,non
201,anxieusement,non
202,apathiquement,non
203,apertement,non
204,apicalement,non
205,apocalyptiquement,non
206,apodictiquement,non
207,apologétiquement,non
208,apostoliquement,non
209,apparemment,non
210,appassionato,non
211,approbativement,non
212,approchant,non
213,approximativement,non
214,appréciablement,non
215,après,non
216,après coup,oui
217,après tout,oui
218,après-demain,non
219,aquatiquement,non
220,arbitrairement,non
221,arbitralement,non
222,archaïquement,non
223,architectoniquement,non
224,architecturalement,non
225,archéologiquement,non
226,ardemment,non
227,ardito,non
228,ardûment,non
229,argotiquement,non
230,aridement,non
231,arioso,non
232,aristocratiquement,non
233,arithmétiquement,non
234,aromatiquement,non
235,arrière,non
236,arrogamment,non
237,articulairement,non
238,articulatoirement,non
239,artificiellement,non
240,artificieusement,non
241,artisanalement,non
242,artistement,non
243,artistiquement,non
244,asap,oui
245,ascétiquement,non
246,aseptiquement,non
247,asiatiquement,non
248,assai,non
249,assertivement,non
250,assertoriquement,non
251,assez,non
252,assidument,non
253,assidûment,non
254,associativement,non
255,assurément,non
256,astrologiquement,non
257,astrométriquement,non
258,astronomiquement,non
259,astrophysiquement,non
260,astucieusement,non
261,asymptotiquement,non
262,asymétriquement,non
263,ataviquement,non
264,ataxiquement,non
265,athlétiquement,non
266,atlantiquement,non
267,atomiquement,non
268,atrabilairement,non
269,atrocement,non
270,attenant,non
271,attentatoirement,non
272,attentionnément,non
273,attentivement,non
274,attiquement,non
275,attractivement,non
276,atypiquement,non
277,au centre,oui
278,au dedans,oui
279,au dehors,oui
280,au delà,non
281,au demeurant,oui
282,au fur et à mesure,oui
283,au jour le jour,oui
284,au mieux,oui
285,au moins,oui
286,au plus,oui
287,au plus tard,oui
288,au plus tôt,oui
289,au plus vite,oui
290,au préalable,oui
291,au total,oui
292,au visé,non
293,au-dedans,non
294,au-dehors,non
295,au-delà,non
296,au-dessous,non
297,au-dessus,non
298,au-devant,non
299,au-deçà,non
300,au-jourd'hui,non
301,aucunement,non
302,audacieusement,non
303,audiblement,non
304,audiovisuellement,non
305,auditivement,non
306,auguralement,non
307,augustement,non
308,aujourd'hui,non
309,auparavant,non
310,auprès,non
311,auriculairement,non
312,aussi,non
313,aussi bien,oui
314,aussitôt,non
315,austèrement,non
316,austérement,non
317,autant,non
318,autarciquement,non
319,authentiquement,non
320,autocratiquement,non
321,autographiquement,non
322,automatiquement,non
323,autonomement,non
324,autoritairement,non
325,autour,non
326,autour de,oui
327,autrefois,non
328,autrement,non
329,autrement dit,oui
330,auxiliairement,non
331,avant,non
332,avant tout,oui
333,avant-hier,non
334,avantageusement,non
335,avarement,non
336,avaricieusement,non
337,avec,non
338,aventureusement,non
339,aventurément,non
340,aveuglément,non
341,avidement,non
342,avunculairement,non
343,axialement,non
344,axiologiquement,non
345,axiomatiquement,non
346,ayé,non
347,aériennement,non
348,aérodynamiquement,non
349,aérostatiquement,non
350,babéliquement,non
351,bachiquement,non
352,bactériologiquement,non
353,badaudement,non
354,badinement,non
355,balistiquement,non
356,balourdement,non
357,balsamiquement,non
358,banalement,non
359,bancairement,non
360,barbarement,non
361,barométriquement,non
362,baroquement,non
363,bas,non
364,bassement,non
365,batailleusement,non
366,bavardement,non
367,baveusement,non
368,bcp,non
369,beau,non
370,beaucoup,non
371,bel,non
372,bel et bien,oui
373,bellement,non
374,belliqueusement,non
375,ben,non
376,bene,non
377,benoitement,non
378,benoîtement,non
379,besef,non
380,beseff,non
381,besogneusement,non
382,bestialement,non
383,bibliographiquement,non
384,bibliquement,non
385,bien,non
386,bien entendu,oui
387,bien sûr,oui
388,bienheureusement,non
389,bientôt,non
390,bienveillamment,non
391,bigotement,non
392,bigrement,non
393,bihebdomadairement,non
394,bijectivement,non
395,bijournellement,non
396,bilatéralement,non
397,bileusement,non
398,bilieusement,non
399,bilinéairement,non
400,bimensuellement,non
401,bimestriellement,non
402,binairement,non
403,bioacoustiquement,non
404,biochimiquement,non
405,bioclimatiquement,non
406,biodynamiquement,non
407,biographiquement,non
408,biogénétiquement,non
409,biologiquement,non
410,biomédicalement,non
411,bioniquement,non
412,biophysiquement,non
413,bioélectriquement,non
414,bioélectroniquement,non
415,bioénergétiquement,non
416,bipolairement,non
417,biquotidiennement,non
418,birationnellement,non
419,bis,non
420,bisannuellement,non
421,biunivoquement,non
422,bizarrement,non
423,bizarroïdement,non
424,blafardement,non
425,blagueusement,non
426,blanchement,non
427,bleuâtrement,non
428,blondement,non
429,blâmablement,non
430,bon,non
431,bonacement,non
432,bonassement,non
433,bonifacement,non
434,bonnement,non
435,bordéliquement,non
436,botaniquement,non
437,boudeusement,non
438,boueusement,non
439,bouffonnement,non
440,bougonnement,non
441,bougrement,non
442,boulimiquement,non
443,bourgeoisement,non
444,bourrument,non
445,bout à bout,oui
446,bravachement,non
447,bravement,non
448,bredouilleusement,non
449,bref,non
450,brillamment,non
451,brièvement,non
452,brouillonnement,non
453,browniennement,non
454,brumeusement,non
455,brusquement,non
456,brut,non
457,brutalement,non
458,bruyamment,non
459,bucoliquement,non
460,budgétairement,non
461,bureaucratiquement,non
462,burlesquement,non
463,byzantinement,non
464,béatement,non
465,bégueulement,non
466,bénignement,non
467,bénéficiairement,non
468,bénéfiquement,non
469,bénévolement,non
470,béotiennement,non
471,bésef,non
472,bézef,non
473,bêtement,non
474,cabalistiquement,non
475,cabochardement,non
476,cabotinement,non
477,cachottièrement,non
478,cachément,non
479,cacophoniquement,non
480,caf,non
481,cafardeusement,non
482,cafouilleusement,non
483,cahin caha,non
484,cahin-caha,non
485,cahincaha,non
486,cajoleusement,non
487,calamiteusement,non
488,calligraphiquement,non
489,calmement,non
490,calmos,non
491,calomnieusement,non
492,calorimétriquement,non
493,caloriquement,non
494,canaillement,non
495,cancérologiquement,non
496,candidement,non
497,canoniquement,non
498,cantabile,non
499,capablement,non
500,capillairement,non
501,capitalement,non
502,capitulairement,non
503,capricieusement,non
504,captieusement,non
505,caractériellement,non
506,caractéristiquement,non
507,caractérologiquement,non
508,cardiographiquement,non
509,cardiologiquement,non
510,caricaturalement,non
511,carrément,non
512,cartographiquement,non
513,cartésiennement,non
514,casanièrement,non
515,cash,non
516,casuellement,non
517,catalytiquement,non
518,catastrophiquement,non
519,catholiquement,non
520,catégoriellement,non
521,catégoriquement,non
522,causalement,non
523,causativement,non
524,caustiquement,non
525,cauteleusement,non
526,cavalièrement,non
527,caverneusement,non
528,cellulairement,non
529,censitairement,non
530,censément,non
531,centièmement,non
532,centralement,non
533,cependant,non
534,certainement,non
535,certes,non
536,cf,non
537,chafouinement,non
538,chagrinement,non
539,chaleureusement,non
540,chanceusement,non
541,chaotiquement,non
542,charismatiquement,non
543,charitablement,non
544,charnellement,non
545,chastement,non
546,chatouilleusement,non
547,chattement,non
548,chaud,non
549,chaudement,non
550,chauvinement,non
551,chenuement,non
552,chenument,non
553,chenuûment,non
554,chenûment,non
555,chenûment,non
556,cher,non
557,chevaleresquement,non
558,chicanièrement,non
559,chichement,non
560,chichiteusement,non
561,chiennement,non
562,chimiquement,non
563,chimériquement,non
564,chinoisement,non
565,chipoteusement,non
566,chiquement,non
567,chirographairement,non
568,chirographiquement,non
569,chirurgicalement,non
570,chiément,non
571,chorégraphiquement,non
572,chouettement,non
573,chouia,non
574,chouya,non
575,chouïa,non
576,chromatiquement,non
577,chroniquement,non
578,chronologiquement,non
579,chronométriquement,non
580,chrétiennement,non
581,chtou,non
582,chèrement,non
583,chétivement,non
584,ci,non
585,ci-après,non
586,ci-avant,non
587,ci-contre,non
588,ci-dessous,non
589,ci-dessus,non
590,ci-devant,non
591,ci-gît,non
592,ci-haut,non
593,ci-inclus,non
594,ci-joint,non
595,cinquantièmement,non
596,cinquièmement,non
597,cinématiquement,non
598,cinématographiquement,non
599,cinétiquement,non
600,circonspectement,non
601,circonstanciellement,non
602,circulairement,non
603,citadinement,non
604,civilement,non
605,civiquement,non
606,clairement,non
607,clandestinement,non
608,classiquement,non
609,climatiquement,non
610,climatologiquement,non
611,cliniquement,non
612,clopin-clopant,non
613,clopinclopant,non
614,cléricalement,non
615,cocassement,non
616,cochonnement,non
617,cochonnément,non
618,coercitivement,non
619,coextensivement,non
620,cognitivement,non
621,coitement,non
622,collaborativement,non
623,collatéralement,non
624,collectivement,non
625,collusoirement,non
626,collégialement,non
627,colossalement,non
628,coléreusement,non
629,colériquement,non
630,combien,non
631,combinatoirement,non
632,comiquement,non
633,comme,non
634,comme ça,oui
635,commediante,non
636,comment,non
637,commercialement,non
638,comminatoirement,non
639,commodo,non
640,commodément,non
641,communalement,non
642,communautairement,non
643,communément,non
644,comparablement,non
645,comparativement,non
646,compatiblement,non
647,compendieusement,non
648,compensativement,non
649,compensatoirement,non
650,complaisamment,non
651,complexement,non
652,complètement,non
653,complémentairement,non
654,complétement,non
655,componctueusement,non
656,compréhensivement,non
657,comptablement,non
658,comptant,non
659,compulsivement,non
660,conardement,non
661,concentriquement,non
662,conceptuellement,non
663,concernant,non
664,concevablement,non
665,conciliairement,non
666,concisément,non
667,concomitamment,non
668,concrètement,non
669,concurremment,non
670,concussionnairement,non
671,condamnablement,non
672,conditionnellement,non
673,confer,non
674,confessionnellement,non
675,confidemment,non
676,confidentiellement,non
677,conflictuellement,non
678,conformationnellement,non
679,conformément,non
680,confortablement,non
681,confraternellement,non
682,confusément,non
683,confédéralement,non
684,congrument,non
685,congrûment,non
686,congénitalement,non
687,coniquement,non
688,conjecturalement,non
689,conjointement,non
690,conjonctivement,non
691,conjoncturellement,non
692,conjugalement,non
693,connardement,non
694,connement,non
695,connotativement,non
696,consciemment,non
697,consciencieusement,non
698,consensuellement,non
699,conservatoirement,non
700,considérablement,non
701,considérément,non
702,consistorialement,non
703,constamment,non
704,constitutionnellement,non
705,constitutivement,non
706,consubstantiellement,non
707,consulairement,non
708,consécutivement,non
709,conséquemment,non
710,contagieusement,non
711,contemnement,non
712,contemplativement,non
713,contemporainement,non
714,contentieusement,non
715,contestablement,non
716,contextuellement,non
717,continuellement,non
718,continument,non
719,continûment,non
720,contractuellement,non
721,contradictoirement,non
722,contrairement,non
723,contrapuntictement,non
724,contrapuntiquement,non
725,contrastivement,non
726,contre,non
727,contre-mont,non
728,contributoirement,non
729,contumélieusement,non
730,convenablement,non
731,conventionnellement,non
732,conventuellement,non
733,convivialement,non
734,convulsivement,non
735,coopérativement,non
736,copieusement,non
737,coquettement,non
738,coquinement,non
739,coquètement,non
740,cordialement,non
741,coriacement,non
742,corolairement,non
743,corollairement,non
744,coronairement,non
745,corporativement,non
746,corporellement,non
747,corpusculairement,non
748,correct,non
749,correctement,non
750,correctionnellement,non
751,corrosivement,non
752,corrélativement,non
753,cosmiquement,non
754,cosmogoniquement,non
755,cosmographiquement,non
756,cosmologiquement,non
757,cossardement,non
758,cossument,non
759,cotonneusement,non
760,couardement,non
761,couci-couça,non
762,coucicouça,non
763,coulamment,non
764,coupablement,non
765,courageusement,non
766,couramment,non
767,court,non
768,courtement,non
769,courtoisement,non
770,couteusement,non
771,coutumièrement,non
772,coéternellement,non
773,coûteusement,non
774,cpdt,non
775,craintivement,non
776,crapuleusement,non
777,crescendo,non
778,criardement,non
779,criminellement,non
780,cristallographiquement,non
781,critiquablement,non
782,critiquement,non
783,crucialement,non
784,cruellement,non
785,crument,non
786,cryptographiquement,non
787,crânement,non
788,crédiblement,non
789,crédulement,non
790,crépusculairement,non
791,crétinement,non
792,crûment,non
793,cuisamment,non
794,cuistrement,non
795,culinairement,non
796,cultuellement,non
797,culturellement,non
798,cumulativement,non
799,cupidement,non
800,curativement,non
801,curieusement,non
802,cursivement,non
803,curvilignement,non
804,cybernétiquement,non
805,cycliquement,non
806,cylindriquement,non
807,cyniquement,non
808,cynégétiquement,non
809,cytogéniquement,non
810,cytogénétiquement,non
811,cytologiquement,non
812,câlinement,non
813,céans,non
814,célestement,non
815,célibatairement,non
816,cérébralement,non
817,cérémoniellement,non
818,cérémonieusement,non
819,côté,non
820,d'abondance,non
821,d'abord,oui
822,d'ailleurs,oui
823,d'après,non
824,d'arrache-pied,non
825,d'assez près,oui
826,d'autant,oui
827,d'autant moins,oui
828,d'autant plus,oui
829,d'autre part,oui
830,d'avance,oui
831,d'emblée,oui
832,d'ici,non
833,d'ici là,oui
834,d'impatience,non
835,d'office,non
836,d'ores et déjà,oui
837,d'outre-tombe,non
838,d'une façon générale,oui
839,d'une part,oui
840,d'urgence,non
841,d'évidence,non
842,dactylographiquement,non
843,damnablement,non
844,dangereusement,non
845,dans l'immédiat,oui
846,dare dare,oui
847,dare-dare,oui
848,davantage,non
849,de auditu,oui
850,de beaucoup trop près,oui
851,de ce pas,oui
852,de commodo,oui
853,de cujus,oui
854,de côté,oui
855,de facto,oui
856,de fait,oui
857,de force,oui
858,de front,oui
859,de gustibus,oui
860,de jure,oui
861,de loin,oui
862,de loin en loin,oui
863,de moins,oui
864,de moins en moins,oui
865,de moitié,oui
866,de même,oui
867,de nouveau,oui
868,de part et d'autre,oui
869,de plano,oui
870,de plus,oui
871,de plus belle,oui
872,de plus en plus,oui
873,de prime abord,oui
874,de profundis,oui
875,de près,oui
876,de temps à autre,oui
877,de toute façon,oui
878,de toutes façons,oui
879,de toutes parts,oui
880,de trop,oui
881,de trop près,oui
882,de très près,oui
883,de très très près,oui
884,de visu,oui
885,debout,non
886,decimo,non
887,decrescendo,non
888,dedans,non
889,dehors,non
890,delà,non
891,demain,non
892,densément,non
893,deo gratias,oui
894,depuis,non
895,depuis beaucoup trop longtemps,oui
896,depuis longtemps,oui
897,depuis trop longtemps,oui
898,depuis très longtemps,oui
899,depuis très très longtemps,oui
900,derechef,non
901,dermatologiquement,non
902,dernièrement,non
903,derrière,non
904,descriptivement,non
905,despotiquement,non
906,dessous,non
907,dessus,non
908,deusio,non
909,deuxio,non
910,deuxièmement,non
911,deuzio,non
912,devant,non
913,dextrement,non
914,dextrorse,non
915,dextrorsum,non
916,deçà,non
917,diablement,non
918,diaboliquement,non
919,diachroniquement,non
920,diacoustiquement,non
921,diagonalement,non
922,dialectalement,non
923,dialectiquement,non
924,dialectologiquement,non
925,dialogiquement,non
926,diamétralement,non
927,diantrement,non
928,diatoniquement,non
929,dichotomiquement,non
930,dictatorialement,non
931,didactiquement,non
932,difficilement,non
933,difficultueusement,non
934,diffusément,non
935,différemment,non
936,différentiablement,non
937,différentiellement,non
938,digitalement,non
939,dignement,non
940,dilatoirement,non
941,diligemment,non
942,dimanche,non
943,dimensionnellement,non
944,diminuendo,non
945,dinguement,non
946,diplomatiquement,non
947,directement,non
948,directo,non
949,disciplinairement,non
950,discographiquement,non
951,discontinument,non
952,discontinûment,non
953,discourtoisement,non
954,discriminatoirement,non
955,discrètement,non
956,discrétionnairement,non
957,discursivement,non
958,disertement,non
959,disgracieusement,non
960,disjonctivement,non
961,disparatement,non
962,dispendieusement,non
963,disproportionnellement,non
964,disproportionnément,non
965,dissemblablement,non
966,dissolument,non
967,dissuasivement,non
968,dissymétriquement,non
969,distinctement,non
970,distinctivement,non
971,distraitement,non
972,distributionnellement,non
973,distributivement,non
974,dithyrambiquement,non
975,dito,non
976,diurnement,non
977,diversement,non
978,divinement,non
979,dix-huitièmement,non
980,dix-neuvièmement,non
981,dix-septièmement,non
982,dixit,non
983,dixièmement,non
984,diététiquement,non
985,docilement,non
986,docimologiquement,non
987,doctement,non
988,doctoralement,non
989,doctrinairement,non
990,doctrinalement,non
991,documentairement,non
992,dodécaphoniquement,non
993,dodécaédriquement,non
994,dogmatiquement,non
995,dolce,non
996,dolcissimo,non
997,dolemment,non
998,dolentement,non
999,dolosivement,non
1000,domestiquement,non
1001,dommageablement,non
1002,donc,non
1003,dont,non
1004,doriquement,non
1005,dorsalement,non
1006,dorso-ventralement,non
1007,dorénavant,non
1008,dos à dos,oui
1009,doublement,non
1010,douce,non
1011,doucement,non
1012,doucereusement,non
1013,doucettement,non
1014,douceâtrement,non
1015,douillettement,non
1016,douloureusement,non
1017,douteusement,non
1018,doux,non
1019,douzièmement,non
1020,draconiennement,non
1021,dramatiquement,non
1022,drastiquement,non
1023,driographiquement,non
1024,droit,non
1025,droitement,non
1026,drolatiquement,non
1027,dru,non
1028,drue,non
1029,druement,non
1030,drument,non
1031,drôlement,non
1032,drûment,non
1033,du moins,oui
1034,du tout,oui
1035,dubitativement,non
1036,dument,non
1037,dur,non
1038,durablement,non
1039,durement,non
1040,dynamiquement,non
1041,dynamogéniquement,non
1042,dysharmoniquement,non
1043,dès avant,oui
1044,dès lors,oui
1045,dès que possible,oui
1046,débilement,non
1047,débonnairement,non
1048,décadairement,non
1049,décemment,non
1050,décidément,non
1051,décimalement,non
1052,décisivement,non
1053,déclamatoirement,non
1054,déconcertement,non
1055,décorativement,non
1056,décrescendo,non
1057,dédaigneusement,non
1058,déductivement,non
1059,défavorablement,non
1060,défectueusement,non
1061,défensivement,non
1062,définitionnellement,non
1063,définitivement,non
1064,dégoutamment,non
1065,dégoûtamment,non
1066,dégressivement,non
1067,dégueulassement,non
1068,déictiquement,non
1069,déjà,non
1070,délectablement,non
1071,délibérément,non
1072,délicatement,non
1073,délicieusement,non
1074,déloyalement,non
1075,délétèrement,non
1076,démagogiquement,non
1077,démentiellement,non
1078,démesurément,non
1079,démocratiquement,non
1080,démographiquement,non
1081,démoniaquement,non
1082,démonologiquement,non
1083,démonstrativement,non
1084,démotiquement,non
1085,déontologiquement,non
1086,départementalement,non
1087,dépendamment,non
1088,déplaisamment,non
1089,déplorablement,non
1090,dépressivement,non
1091,dépréciativement,non
1092,déraisonnablement,non
1093,dérisoirement,non
1094,dérivationnellement,non
1095,dérogativement,non
1096,dérogatoirement,non
1097,désagréablement,non
1098,désapprobativement,non
1099,désastreusement,non
1100,désavantageusement,non
1101,désespéramment,non
1102,désespérément,non
1103,déshonnêtement,non
1104,désinvoltement,non
1105,désobligeamment,non
1106,désolamment,non
1107,désordonnément,non
1108,désormais,non
1109,déterminément,non
1110,détestablement,non
1111,dévotement,non
1112,dévotieusement,non
1113,dûment,non
1114,e.a.,oui
1115,e.g.,oui
1116,ecce homo,oui
1117,ecclésiastiquement,non
1118,ecclésiologiquement,non
1119,effectivement,non
1120,efficacement,non
1121,effrayamment,non
1122,effrontément,non
1123,effroyablement,non
1124,effrénément,non
1125,eh,non
1126,eidétiquement,non
1127,elliptiquement,non
1128,emblématiquement,non
1129,embryologiquement,non
1130,embryonnairement,non
1131,emmi,non
1132,emmy,non
1133,empathiquement,non
1134,emphatiquement,non
1135,empiriquement,non
1136,en arrière,oui
1137,en avant,oui
1138,en bas,oui
1139,en catimini,oui
1140,en commun,oui
1141,en conséquence,oui
1142,en cours,oui
1143,en dedans,oui
1144,en dessous,oui
1145,en dessus,oui
1146,en deçà,non
1147,en diable,oui
1148,en définitive,oui
1149,en effet,oui
1150,en entier,oui
1151,en gros,oui
1152,en général,oui
1153,en haut,oui
1154,en majorité,oui
1155,en moins,oui
1156,en moyenne,oui
1157,en même temps,oui
1158,en outre,oui
1159,en particulier,oui
1160,en partie,oui
1161,en plus,oui
1162,en porte à faux,oui
1163,en principe,oui
1164,en quarante,non
1165,en quelque sorte,oui
1166,en revanche,oui
1167,en rien,oui
1168,en rond,oui
1169,en somme,oui
1170,en stand-by,oui
1171,en sus,oui
1172,en tout,oui
1173,en tout cas,oui
1174,en tout et pour tout,oui
1175,en tête à tête,oui
1176,en vain,oui
1177,en vigueur,oui
1178,en vrac,oui
1179,en vérité,oui
1180,en-deçà,non
1181,encor,non
1182,encore,non
1183,encyclopédiquement,non
1184,encéphalographiquement,non
1185,endémiquement,non
1186,enfantinement,non
1187,enfin,non
1188,enjôleusement,non
1189,ennuyeusement,non
1190,ensemble,non
1191,ensorceleusement,non
1192,ensuite,non
1193,enthousiastement,non
1194,entièrement,non
1195,entomologiquement,non
1196,entre autre,oui
1197,entre autres,oui
1198,entre temps,non
1199,entre-temps,non
1200,entretemps,non
1201,enviablement,non
1202,envieusement,non
1203,environ,non
1204,environnementalement,non
1205,ergonomiquement,non
1206,erratiquement,non
1207,erronément,non
1208,eschatologiquement,non
1209,espièglement,non
1210,espressivo,non
1211,essentiellement,non
1212,esthétiquement,non
1213,estimablement,non
1214,et al.,oui
1215,et alii,oui
1216,et caetera,oui
1217,etc,non
1218,etc.,non
1219,ethniquement,non
1220,ethnographiquement,non
1221,ethnolinguistiquement,non
1222,ethnologiquement,non
1223,eucharistiquement,non
1224,euphoniquement,non
1225,euphoriquement,non
1226,euphémiquement,non
1227,euristiquement,non
1228,européennement,non
1229,eurythmiquement,non
1230,euréka,non
1231,eurêka,non
1232,ex abrupto,oui
1233,ex aequo,oui
1234,ex cathedra,oui
1235,ex nihilo,oui
1236,ex professo,oui
1237,ex-libris,non
1238,exactement,non
1239,exagérément,non
1240,exaspérément,non
1241,excellemment,non
1242,excentriquement,non
1243,exceptionnellement,non
1244,excepté,non
1245,excessivement,non
1246,exclamativement,non
1247,exclusivement,non
1248,excédentairement,non
1249,exemplairement,non
1250,exempli gratia,oui
1251,exhaustivement,non
1252,exigûment,non
1253,existentiellement,non
1254,exorbitamment,non
1255,exotiquement,non
1256,expansivement,non
1257,expertement,non
1258,expiatoirement,non
1259,explicativement,non
1260,explicitement,non
1261,explosivement,non
1262,explétivement,non
1263,exponentiellement,non
1264,expressivement,non
1265,expressément,non
1266,exprès,non
1267,expéditivement,non
1268,expérimentalement,non
1269,exquisement,non
1270,exquisément,non
1271,extatiquement,non
1272,extemporanément,non
1273,extensionnellement,non
1274,extensivement,non
1275,extra muros,non
1276,extra-muros,non
1277,extrajudiciairement,non
1278,extramuros,non
1279,extraordinairement,non
1280,extravagamment,non
1281,extrinsèquement,non
1282,extrêmement,non
1283,extérieurement,non
1284,exécrablement,non
1285,exécutoirement,non
1286,exégétiquement,non
1287,fabuleusement,non
1288,facheusement,non
1289,facile,non
1290,facilement,non
1291,facticement,non
1292,factieusement,non
1293,factitivement,non
1294,factuellement,non
1295,facultativement,non
1296,facétieusement,non
1297,fadassement,non
1298,fadement,non
1299,faiblardement,non
1300,faiblement,non
1301,fallacieusement,non
1302,falotement,non
1303,fameusement,non
1304,familialement,non
1305,familièrement,non
1306,faméliquement,non
1307,fanatiquement,non
1308,fanfaronnement,non
1309,fangeusement,non
1310,fantaisistement,non
1311,fantasmagoriquement,non
1312,fantasmatiquement,non
1313,fantasquement,non
1314,fantastiquement,non
1315,fantomatiquement,non
1316,fantômatiquement,non
1317,faramineusement,non
1318,faraudement,non
1319,farouchement,non
1320,fascistement,non
1321,fashionablement,non
1322,fastidieusement,non
1323,fastueusement,non
1324,fatalement,non
1325,fatalistement,non
1326,fatidiquement,non
1327,faussement,non
1328,fautivement,non
1329,fauvement,non
1330,faux,non
1331,favorablement,non
1332,ferme,non
1333,fermement,non
1334,ferroviairement,non
1335,fertilement,non
1336,fervemment,non
1337,fi,non
1338,fiablement,non
1339,fichtrement,non
1340,fichument,non
1341,fichûment,non
1342,fictivement,non
1343,fiduciairement,non
1344,fidèlement,non
1345,fielleusement,non
1346,fifty-fifty,non
1347,fiftyfifty,non
1348,figurativement,non
1349,figurément,non
1350,filandreusement,non
1351,filialement,non
1352,filmiquement,non
1353,fin,non
1354,finalement,non
1355,financièrement,non
1356,finaudement,non
1357,finement,non
1358,finiment,non
1359,fiscalement,non
1360,fissa,non
1361,fixement,non
1362,fièrement,non
1363,fiévreusement,non
1364,flagorneusement,non
1365,flasquement,non
1366,flatteusement,non
1367,flegmatiquement,non
1368,flemmardement,non
1369,flexiblement,non
1370,flexionnellement,non
1371,flexueusement,non
1372,floristiquement,non
1373,flou,non
1374,fluidement,non
1375,flâneusement,non
1376,flémardement,non
1377,fofollement,non
1378,foireusement,non
1379,folkloriquement,non
1380,follement,non
1381,folâtrement,non
1382,foncièrement,non
1383,fonctionnellement,non
1384,fondamentalement,non
1385,forcément,non
1386,forestièrement,non
1387,forfaitairement,non
1388,formellement,non
1389,formidablement,non
1390,fort,non
1391,forte,non
1392,forte-piano,non
1393,fortement,non
1394,fortissimo,non
1395,fortuitement,non
1396,fortunément,non
1397,forté,non
1398,fougueusement,non
1399,fourbement,non
1400,foutrement,non
1401,foutument,non
1402,foutûment,non
1403,fragilement,non
1404,fragmentairement,non
1405,fraichement,non
1406,frais,non
1407,franc,non
1408,franchement,non
1409,franco,non
1410,fraternellement,non
1411,frauduleusement,non
1412,fraîchement,non
1413,friamment,non
1414,frigidement,non
1415,frigo,non
1416,frileusement,non
1417,friponnement,non
1418,frisquet,non
1419,frivolement,non
1420,froidement,non
1421,frontalement,non
1422,froussardement,non
1423,fructueusement,non
1424,frugalement,non
1425,frustement,non
1426,frénétiquement,non
1427,fréquemment,non
1428,frêlement,non
1429,fugacement,non
1430,fugitivement,non
1431,fuligineusement,non
1432,fumeusement,non
1433,funestement,non
1434,funèbrement,non
1435,funérairement,non
1436,furibardement,non
1437,furibondement,non
1438,furieusement,non
1439,furioso,non
1440,furtivement,non
1441,futilement,non
1442,futurement,non
1443,fâcheusement,non
1444,fébrilement,non
1445,fécondement,non
1446,féeriquement,non
1447,félinement,non
1448,félonnement,non
1449,fémininement,non
1450,féodalement,non
1451,férocement,non
1452,fétidement,non
1453,féériquement,non
1454,gaffeusement,non
1455,gaie,non
1456,gaiement,non
1457,gaillardement,non
1458,gaiment,non
1459,galamment,non
1460,gallicanement,non
1461,galvaniquement,non
1462,gaminement,non
1463,gammathérapiquement,non
1464,ganglionnairement,non
1465,gargantualement,non
1466,gastronomiquement,non
1467,gauchement,non
1468,gauloisement,non
1469,gaîment,non
1470,geignardement,non
1471,gentement,non
1472,gentiment,non
1473,gestuellement,non
1474,gigantesquement,non
1475,giratoirement,non
1476,glaciairement,non
1477,glacialement,non
1478,glaciologiquement,non
1479,glaireusement,non
1480,glandulairement,non
1481,glauquement,non
1482,globalement,non
1483,glorieusement,non
1484,gloutonnement,non
1485,gnostiquement,non
1486,gnoséologiquement,non
1487,godichement,non
1488,goguenardement,non
1489,goinfrement,non
1490,goniométriquement,non
1491,gothiquement,non
1492,gouailleusement,non
1493,goujatement,non
1494,goulument,non
1495,goulûment,non
1496,gourdement,non
1497,gourmandement,non
1498,goutte à goutte,oui
1499,goutteusement,non
1500,gouvernementalement,non
1501,gracieusement,non
1502,gracilement,non
1503,gracioso,non
1504,graduellement,non
1505,grammaticalement,non
1506,grammatiquement,non
1507,grand,non
1508,grandement,non
1509,grandiosement,non
1510,graphiquement,non
1511,graphologiquement,non
1512,gras,non
1513,grassement,non
1514,gratis,non
1515,gratis pro deo,non
1516,gratis pro deo,non
1517,gratuitement,non
1518,grave,non
1519,graveleusement,non
1520,gravement,non
1521,gravitationnellement,non
1522,grazioso,non
1523,grincheusement,non
1524,grivoisement,non
1525,grièvement,non
1526,grossement,non
1527,grossièrement,non
1528,grosso merdo,oui
1529,grosso modo,oui
1530,grosso-modo,non
1531,grotesquement,non
1532,grégairement,non
1533,grêlement,non
1534,gueusement,non
1535,guillerettement,non
1536,gutturalement,non
1537,guère,non
1538,guères,non
1539,gymniquement,non
1540,gynécologiquement,non
1541,gyroscopiquement,non
1542,gâteusement,non
1543,gélatineusement,non
1544,génialement,non
1545,génitalement,non
1546,génotypiquement,non
1547,généalogiquement,non
1548,généralement,non
1549,généreusement,non
1550,génériquement,non
1551,génétiquement,non
1552,géodynamiquement,non
1553,géodésiquement,non
1554,géographiquement,non
1555,géologiquement,non
1556,géométralement,non
1557,géométriquement,non
1558,géophysiquement,non
1559,géopolitiquement,non
1560,ha,non
1561,habilement,non
1562,habituellement,non
1563,hagardement,non
1564,hagiographiquement,non
1565,haineusement,non
1566,hardiment,non
1567,hargneusement,non
1568,harmonieusement,non
1569,harmoniquement,non
1570,hasardeusement,non
1571,haut,non
1572,hautainement,non
1573,haute,non
1574,hautement,non
1575,haïssablement,non
1576,hebdomadairement,non
1577,heptagonalement,non
1578,herméneutiquement,non
1579,hermétiquement,non
1580,heureusement,non
1581,heuristiquement,non
1582,hexagonalement,non
1583,hexaédriquement,non
1584,hic et nunc,oui
1585,hideusement,non
1586,hier,non
1587,hilarement,non
1588,hippiatriquement,non
1589,hippiquement,non
1590,hippologiquement,non
1591,histologiquement,non
1592,historiquement,non
1593,hiérarchiquement,non
1594,hiératiquement,non
1595,hiéroglyphiquement,non
1596,hollandaisement,non
1597,holomorphiquement,non
1598,hommement,non
1599,homocentriquement,non
1600,homographiquement,non
1601,homogènement,non
1602,homologiquement,non
1603,homothétiquement,non
1604,homotopiquement,non
1605,homéopathiquement,non
1606,homériquement,non
1607,honnêtement,non
1608,honorablement,non
1609,honorifiquement,non
1610,honoris causa,oui
1611,honteusement,non
1612,horizontalement,non
1613,hormis,non
1614,hormonalement,non
1615,horriblement,non
1616,horrifiquement,non
1617,hors,non
1618,hospitalièrement,non
1619,hostilement,non
1620,houleusement,non
1621,huileusement,non
1622,huitièmement,non
1623,humainement,non
1624,humanitairement,non
1625,humblement,non
1626,humidement,non
1627,humoristiquement,non
1628,humoureusement,non
1629,hybridement,non
1630,hydrauliquement,non
1631,hydrodynamiquement,non
1632,hydrographiquement,non
1633,hydrologiquement,non
1634,hydrométriquement,non
1635,hydropneumatiquement,non
1636,hydrostatiquement,non
1637,hydrothérapiquement,non
1638,hygiéniquement,non
1639,hyperboliquement,non
1640,hypercorrectement,non
1641,hypnotiquement,non
1642,hypocondriaquement,non
1643,hypocoristiquement,non
1644,hypocritement,non
1645,hypodermiquement,non
1646,hypostatiquement,non
1647,hypothécairement,non
1648,hypothétiquement,non
1649,hystériquement,non
1650,hâtivement,non
1651,hébraïquement,non
1652,héliaquement,non
1653,hélicoïdalement,non
1654,héliographiquement,non
1655,hématologiquement,non
1656,hémiédriquement,non
1657,hémodynamiquement,non
1658,hémostatiquement,non
1659,héraldiquement,non
1660,héroïquement,non
1661,héréditairement,non
1662,hérétiquement,non
1663,hétéroclitement,non
1664,hétérodoxement,non
1665,hétérogènement,non
1666,i.e.,non
1667,ibid,non
1668,ibid.,non
1669,ibidem,non
1670,ichtyologiquement,non
1671,ici,non
1672,ici-bas,non
1673,icicaille,non
1674,icigo,non
1675,icite,non
1676,icitte,non
1677,iconiquement,non
1678,iconographiquement,non
1679,id,non
1680,id est,non
1681,id.,non
1682,idem,non
1683,identiquement,non
1684,idiomatiquement,non
1685,idiosyncrasiquement,non
1686,idiosyncratiquement,non
1687,idiotement,non
1688,idoinement,non
1689,idolatriquement,non
1690,idolâtrement,non
1691,idolâtriquement,non
1692,idylliquement,non
1693,idéalement,non
1694,idéalistement,non
1695,idéellement,non
1696,idéographiquement,non
1697,idéologiquement,non
1698,ignarement,non
1699,ignoblement,non
1700,ignominieusement,non
1701,ignoramment,non
1702,illicitement,non
1703,illico,non
1704,illisiblement,non
1705,illogiquement,non
1706,illusoirement,non
1707,illustrement,non
1708,illégalement,non
1709,illégitimement,non
1710,imaginairement,non
1711,imaginativement,non
1712,imbattablement,non
1713,imbécilement,non
1714,immaculément,non
1715,immanquablement,non
1716,immatériellement,non
1717,immensément,non
1718,imminement,non
1719,imminemment,non
1720,immobilement,non
1721,immodestement,non
1722,immodérément,non
1723,immondement,non
1724,immoralement,non
1725,immortellement,non
1726,immuablement,non
1727,immunitairement,non
1728,immunologiquement,non
1729,immédiatement,non
1730,immémoriablement,non
1731,immémorialement,non
1732,impairement,non
1733,impalpablement,non
1734,imparablement,non
1735,impardonnablement,non
1736,imparfaitement,non
1737,impartialement,non
1738,impassiblement,non
1739,impatiemment,non
1740,impavidement,non
1741,impayablement,non
1742,impeccablement,non
1743,impensablement,non
1744,imperceptiblement,non
1745,imperméablement,non
1746,impersonnellement,non
1747,impertinemment,non
1748,imperturbablement,non
1749,impitoyablement,non
1750,implacablement,non
1751,implicitement,non
1752,impoliment,non
1753,impolitiquement,non
1754,impopulairement,non
1755,importunément,non
1756,impossiblement,non
1757,imprescriptiblement,non
1758,impressivement,non
1759,improbablement,non
1760,improductivement,non
1761,impromptu,non
1762,improprement,non
1763,imprudemment,non
1764,imprécisément,non
1765,imprévisiblement,non
1766,impudemment,non
1767,impudiquement,non
1768,impuissamment,non
1769,impulsivement,non
1770,impunément,non
1771,impurement,non
1772,impénétrablement,non
1773,impérativement,non
1774,impérialement,non
1775,impérieusement,non
1776,impérissablement,non
1777,impétueusement,non
1778,in abstracto,oui
1779,in extenso,oui
1780,in extremis,oui
1781,in fine,oui
1782,in petto,oui
1783,in praesenti,oui
1784,in praesentia,oui
1785,in sillico,oui
1786,in situ,oui
1787,in spiritu,oui
1788,in utero,oui
1789,in vitro,oui
1790,in vivo,oui
1791,inacceptablement,non
1792,inaccessiblement,non
1793,inactivement,non
1794,inadmissiblement,non
1795,inadéquatement,non
1796,inaliénablement,non
1797,inaltérablement,non
1798,inamicalement,non
1799,inamoviblement,non
1800,inanalysablement,non
1801,inappréciablement,non
1802,inassouvissablement,non
1803,inattaquablement,non
1804,inattentivement,non
1805,inaudiblement,non
1806,inauguralement,non
1807,inauthentiquement,non
1808,inavouablement,non
1809,incalculablement,non
1810,incapablement,non
1811,incertainement,non
1812,incessamment,non
1813,incestueusement,non
1814,incidemment,non
1815,incisivement,non
1816,incivilement,non
1817,inciviquement,non
1818,inclusivement,non
1819,incoerciblement,non
1820,incognito,non
1821,incommensurablement,non
1822,incommodément,non
1823,incommutablement,non
1824,incomparablement,non
1825,incomplètement,non
1826,incompréhensiblement,non
1827,incompétemment,non
1828,inconcevablement,non
1829,inconciliablement,non
1830,inconditionnellement,non
1831,inconfortablement,non
1832,incongrument,non
1833,incongrûment,non
1834,inconsciemment,non
1835,inconsidérément,non
1836,inconsolablement,non
1837,inconstamment,non
1838,inconstitutionnellement,non
1839,inconséquemment,non
1840,incontestablement,non
1841,incontinent,non
1842,incontournablement,non
1843,incontrôlablement,non
1844,inconvenablement,non
1845,incorporellement,non
1846,incorrectement,non
1847,incorrigiblement,non
1848,incorruptiblement,non
1849,increvablement,non
1850,incroyablement,non
1851,incrédulement,non
1852,incurablement,non
1853,indescriptiblement,non
1854,indestructiblement,non
1855,indicativement,non
1856,indiciairement,non
1857,indiciblement,non
1858,indifféremment,non
1859,indigemment,non
1860,indigestement,non
1861,indignement,non
1862,indirectement,non
1863,indiscernablement,non
1864,indiscontinûment,non
1865,indiscrètement,non
1866,indiscutablement,non
1867,indispensablement,non
1868,indissociablement,non
1869,indissolublement,non
1870,indistinctement,non
1871,individuellement,non
1872,individûment,non
1873,indivisiblement,non
1874,indivisément,non
1875,indocilement,non
1876,indolemment,non
1877,indomptablement,non
1878,indubitablement,non
1879,inductivement,non
1880,indulgemment,non
1881,indument,non
1882,industriellement,non
1883,industrieusement,non
1884,indécelablement,non
1885,indécemment,non
1886,indéchiffrablement,non
1887,indécrottablement,non
1888,indéfectiblement,non
1889,indéfendablement,non
1890,indéfiniment,non
1891,indéfinissablement,non
1892,indélicatement,non
1893,indélébilement,non
1894,indémontablement,non
1895,indéniablement,non
1896,indépassablement,non
1897,indépendamment,non
1898,indéracinablement,non
1899,indésirablement,non
1900,indéterminablement,non
1901,indéterminément,non
1902,indévotement,non
1903,indûment,non
1904,ineffablement,non
1905,ineffaçablement,non
1906,inefficacement,non
1907,ineptement,non
1908,inertement,non
1909,inespérément,non
1910,inesthétiquement,non
1911,inestimablement,non
1912,inexactement,non
1913,inexcusablement,non
1914,inexorablement,non
1915,inexpertement,non
1916,inexpiablement,non
1917,inexplicablement,non
1918,inexpressivement,non
1919,inexprimablement,non
1920,inexpugnablement,non
1921,inextinguiblement,non
1922,inextirpablement,non
1923,inextricablement,non
1924,infailliblement,non
1925,infantilement,non
1926,infatigablement,non
1927,infectement,non
1928,infernalement,non
1929,infidèlement,non
1930,infimement,non
1931,infiniment,non
1932,infinitésimalement,non
1933,inflexiblement,non
1934,informatiquement,non
1935,informellement,non
1936,infra,non
1937,infructueusement,non
1938,infâmement,non
1939,inférieurement,non
1940,inglorieusement,non
1941,ingratement,non
1942,inguérissablement,non
1943,ingénieusement,non
1944,ingénument,non
1945,inhabilement,non
1946,inhabituellement,non
1947,inharmonieusement,non
1948,inharmoniquement,non
1949,inhospitalièrement,non
1950,inhumainement,non
1951,inhéremment,non
1952,inimaginablement,non
1953,inimitablement,non
1954,inintelligemment,non
1955,inintelligiblement,non
1956,inintentionnellement,non
1957,iniquement,non
1958,initialement,non
1959,initiatiquement,non
1960,injurieusement,non
1961,injustement,non
1962,injustifiablement,non
1963,inlassablement,non
1964,innocemment,non
1965,innombrablement,non
1966,inoffensivement,non
1967,inopinément,non
1968,inopportunément,non
1969,inoubliablement,non
1970,inoxydablement,non
1971,inqualifiablement,non
1972,inquisitorialement,non
1973,inquiètement,non
1974,insaisissablement,non
1975,insalubrement,non
1976,insanement,non
1977,insatiablement,non
1978,insciemment,non
1979,insensiblement,non
1980,insensément,non
1981,insidieusement,non
1982,insignement,non
1983,insincèrement,non
1984,insinuamment,non
1985,insipidement,non
1986,insolemment,non
1987,insolitement,non
1988,insolublement,non
1989,insondablement,non
1990,insouciamment,non
1991,insoucieusement,non
1992,insoupçonnablement,non
1993,insoutenablement,non
1994,instablement,non
1995,instamment,non
1996,instantanément,non
1997,instinctivement,non
1998,institutionnellement,non
1999,instructivement,non
2000,instrumentalement,non
2001,insuffisamment,non
2002,insulairement,non
2003,insupportablement,non
2004,insurmontablement,non
2005,insurpassablement,non
2006,insurrectionnellement,non
2007,inséparablement,non
2008,inséparément,non
2009,intangiblement,non
2010,intarissablement,non
2011,intellectuellement,non
2012,intelligemment,non
2013,intelligiblement,non
2014,intempestivement,non
2015,intemporellement,non
2016,intenablement,non
2017,intensionnellement,non
2018,intensivement,non
2019,intensément,non
2020,intentionnellement,non
2021,interactivement,non
2022,intercalairement,non
2023,interdisciplinairement,non
2024,interlinéairement,non
2025,interlopement,non
2026,interminablement,non
2027,intermittemment,non
2028,intermusculairement,non
2029,internationalement,non
2030,interplanétairement,non
2031,interprofessionnellement,non
2032,interprétativement,non
2033,interrogativement,non
2034,intersyndicalement,non
2035,intervocaliquement,non
2036,intestinement,non
2037,intimement,non
2038,intolérablement,non
2039,intra muros,oui
2040,intra-muros,non
2041,intra-utérinement,non
2042,intradermiquement,non
2043,intraitablement,non
2044,intramuros,non
2045,intramusculairement,non
2046,intransitivement,non
2047,intraveineusement,non
2048,intrinsèquement,non
2049,introspectivement,non
2050,intrépidement,non
2051,intuitivement,non
2052,intègrement,non
2053,intégralement,non
2054,intérieurement,non
2055,intérimairement,non
2056,inutilement,non
2057,invalidement,non
2058,invariablement,non
2059,inventivement,non
2060,inversement,non
2061,invinciblement,non
2062,inviolablement,non
2063,invisiblement,non
2064,involontairement,non
2065,invraisemblablement,non
2066,invulnérablement,non
2067,inébranlablement,non
2068,inégalablement,non
2069,inégalement,non
2070,inégalitairement,non
2071,inéluctablement,non
2072,inélégamment,non
2073,inénarrablement,non
2074,inépuisablement,non
2075,inéquitablement,non
2076,inévitablement,non
2077,ipso facto,oui
2078,irasciblement,non
2079,ironiquement,non
2080,iroquoisement,non
2081,irraisonnablement,non
2082,irrationnellement,non
2083,irrattrapablement,non
2084,irrecevablement,non
2085,irrespectueusement,non
2086,irrespirablement,non
2087,irresponsablement,non
2088,irréconciliablement,non
2089,irrécupérablement,non
2090,irrécusablement,non
2091,irréductiblement,non
2092,irréellement,non
2093,irréfragablement,non
2094,irréfutablement,non
2095,irrégulièrement,non
2096,irréligieusement,non
2097,irrémissiblement,non
2098,irrémédiablement,non
2099,irréparablement,non
2100,irrépressiblement,non
2101,irréprochablement,non
2102,irrépréhensiblement,non
2103,irrésistiblement,non
2104,irrésolument,non
2105,irréversiblement,non
2106,irrévocablement,non
2107,irrévéremment,non
2108,irrévérencieusement,non
2109,isolément,non
2110,isomorphiquement,non
2111,isométriquement,non
2112,isothermiquement,non
2113,isotopiquement,non
2114,isoédriquement,non
2115,italiennement,non
2116,item,non
2117,itou,non
2118,itérativement,non
2119,jacobinement,non
2120,jadis,non
2121,jalousement,non
2122,jamais,non
2123,jamais plus,oui
2124,janséniquement,non
2125,jaune,non
2126,jeudi,non
2127,jeunement,non
2128,jobardement,non
2129,jointement,non
2130,jointivement,non
2131,joliment,non
2132,jourd'hui,non
2133,jourd'huis,non
2134,journalistiquement,non
2135,journellement,non
2136,jovialement,non
2137,joyeusement,non
2138,judaïquement,non
2139,judiciairement,non
2140,judicieusement,non
2141,juridiquement,non
2142,jusqu'alors,oui
2143,jusqu'ici,oui
2144,jusqu'là,non
2145,jusqu'à présent,oui
2146,jusque-là,non
2147,juste,non
2148,justement,non
2149,justifiablement,non
2150,juvénilement,non
2151,juxtalinéairement,non
2152,jà,non
2153,jésuitement,non
2154,jésuitiquement,non
2155,kaléidoscopiquement,non
2156,kilométriquement,non
2157,l'après-midi,non
2158,l'avant-veille,non
2159,l'univers,non
2160,la plupart du temps,oui
2161,labialement,non
2162,laborieusement,non
2163,labyrinthiquement,non
2164,laconiquement,non
2165,lactiquement,non
2166,lacunairement,non
2167,ladrement,non
2168,laidement,non
2169,laiteusement,non
2170,lamartinement,non
2171,lamentablement,non
2172,langagièrement,non
2173,langoureusement,non
2174,languidement,non
2175,languissamment,non
2176,lanlaire,non
2177,lapidairement,non
2178,large,non
2179,largement,non
2180,larghetto,non
2181,largo,non
2182,lascivement,non
2183,lassement,non
2184,latinement,non
2185,latinément,non
2186,lato sensu,oui
2187,latéralement,non
2188,laxistement,non
2189,laïquement,non
2190,le mieux,oui
2191,le moins,oui
2192,le plus,oui
2193,legato,non
2194,lentement,non
2195,lento,non
2196,lerch,non
2197,lerche,non
2198,lestement,non
2199,lexicalement,non
2200,lexicographiquement,non
2201,lexicologiquement,non
2202,libertinement,non
2203,libidineusement,non
2204,librement,non
2205,libéralement,non
2206,licencieusement,non
2207,licitement,non
2208,ligamentairement,non
2209,lilialement,non
2210,liminairement,non
2211,limitativement,non
2212,limpidement,non
2213,linguistiquement,non
2214,linéairement,non
2215,linéalement,non
2216,liquidement,non
2217,liquoreusement,non
2218,lisiblement,non
2219,lithographiquement,non
2220,lithologiquement,non
2221,litigieusement,non
2222,littérairement,non
2223,littéralement,non
2224,liturgiquement,non
2225,lividement,non
2226,livresquement,non
2227,loc. cit.,non
2228,localement,non
2229,locus citatus,oui
2230,logarithmiquement,non
2231,logicalement,non
2232,logiciellement,non
2233,logiquement,non
2234,logistiquement,non
2235,logographiquement,non
2236,loin,non
2237,lointainement,non
2238,loisiblement,non
2239,long,non
2240,long-temps,non
2241,longanimement,non
2242,longitudinalement,non
2243,longtemps,non
2244,longue,non
2245,longuement,non
2246,loquacement,non
2247,lors,non
2248,louablement,non
2249,louangeusement,non
2250,louchement,non
2251,loufoquement,non
2252,louisphilippement,non
2253,lourd,non
2254,lourdaudement,non
2255,lourdement,non
2256,loyalement,non
2257,lubriquement,non
2258,lucidement,non
2259,lucrativement,non
2260,ludiquement,non
2261,lugubrement,non
2262,lumineusement,non
2263,lunairement,non
2264,lunatiquement,non
2265,lundi,non
2266,lustralement,non
2267,luxueusement,non
2268,luxurieusement,non
2269,lymphatiquement,non
2270,lyriquement,non
2271,là,non
2272,là-bas,non
2273,là-dedans,non
2274,là-dessous,non
2275,là-dessus,non
2276,là-haut,non
2277,lâchement,non
2278,léans,non
2279,légalement,non
2280,légato,non
2281,légendairement,non
2282,léger,non
2283,législativement,non
2284,légitimement,non
2285,légèrement,non
2286,léthargiquement,non
2287,macabrement,non
2288,macache,non
2289,macaroniquement,non
2290,machiavéliquement,non
2291,machinalement,non
2292,macrobiotiquement,non
2293,macroscopiquement,non
2294,maestoso,non
2295,magiquement,non
2296,magister dixit,oui
2297,magistralement,non
2298,magnanimement,non
2299,magnifiquement,non
2300,magnétiquement,non
2301,magnétohydrodynamiquement,non
2302,magnétoélectriquement,non
2303,mahométiquement,non
2304,maigrement,non
2305,main dans la main,oui
2306,maintenant,non
2307,mais,non
2308,majestueusement,non
2309,majoritairement,non
2310,mal,non
2311,mal à propos,oui
2312,maladivement,non
2313,maladroitement,non
2314,malaisément,non
2315,malcommodément,non
2316,malement,non
2317,malencontreusement,non
2318,malgracieusement,non
2319,malgré,non
2320,malgré tout,oui
2321,malhabilement,non
2322,malheureusement,non
2323,malhonnêtement,non
2324,malicieusement,non
2325,malignement,non
2326,malproprement,non
2327,malsainement,non
2328,malveillamment,non
2329,maléficieusement,non
2330,maléfiquement,non
2331,maniaquement,non
2332,manifestement,non
2333,manu militari,oui
2334,manuellement,non
2335,mardi,non
2336,marginalement,non
2337,maritalement,non
2338,maritimement,non
2339,marmiteusement,non
2340,marotiquement,non
2341,marre,non
2342,martialement,non
2343,masculinement,non
2344,masochistement,non
2345,massivement,non
2346,maternellement,non
2347,mathématiquement,non
2348,matin,non
2349,matinalement,non
2350,matoisement,non
2351,matriarcalement,non
2352,matrilinéairement,non
2353,matrimonialement,non
2354,maturément,non
2355,matutinalement,non
2356,matérialistement,non
2357,matériellement,non
2358,maupiteusement,non
2359,mauresquement,non
2360,maussadement,non
2361,mauvais,non
2362,mauvaisement,non
2363,maxi,non
2364,maximalement,non
2365,meilleur,non
2366,menaçamment,non
2367,mensongèrement,non
2368,mensuellement,non
2369,mentalement,non
2370,menteusement,non
2371,menu,non
2372,mercantilement,non
2373,mercenairement,non
2374,mercredi,non
2375,merdeusement,non
2376,merveilleusement,non
2377,mesquinement,non
2378,mesurablement,non
2379,mesurément,non
2380,metallurgiquement,non
2381,meurtrièrement,non
2382,mezza voce,oui
2383,mezzo,non
2384,microchimiquement,non
2385,micrographiquement,non
2386,microlocalement,non
2387,micrométriquement,non
2388,microphysiquement,non
2389,microscopiquement,non
2390,mielleusement,non
2391,miette,non
2392,mieux,non
2393,mignardement,non
2394,mignonnement,non
2395,militairement,non
2396,millimétriquement,non
2397,millionnairement,non
2398,mimétiquement,non
2399,minablement,non
2400,minaudièrement,non
2401,mincement,non
2402,minimement,non
2403,minimum minimorum,oui
2404,ministériellement,non
2405,minoritairement,non
2406,minusculement,non
2407,minutieusement,non
2408,minéralogiquement,non
2409,miraculeusement,non
2410,mirifiquement,non
2411,mirobolamment,non
2412,misanthropement,non
2413,misanthropiquement,non
2414,misogynement,non
2415,missi dominici,non
2416,misérablement,non
2417,miséreusement,non
2418,miséricordieusement,non
2419,miteusement,non
2420,mièvrement,non
2421,mnémoniquement,non
2422,mnémotechniquement,non
2423,mobilièrement,non
2424,mochement,non
2425,modalement,non
2426,moderato,non
2427,modernement,non
2428,modestement,non
2429,modiquement,non
2430,modulairement,non
2431,modérato,non
2432,modérément,non
2433,moelleusement,non
2434,moindrement,non
2435,moins,non
2436,moins de,oui
2437,moitié-moitié,non
2438,mollassement,non
2439,mollement,non
2440,mollissement,non
2441,mollo,non
2442,mollo-mollo,non
2443,molto,non
2444,moléculairement,non
2445,momentanément,non
2446,monacalement,non
2447,monarchiquement,non
2448,monastiquement,non
2449,mondainement,non
2450,mondialement,non
2451,monocordement,non
2452,monographiquement,non
2453,monolithiquement,non
2454,monophoniquement,non
2455,monotonement,non
2456,monstrueusement,non
2457,monumentalement,non
2458,monétairement,non
2459,moqueusement,non
2460,moralement,non
2461,moralistement,non
2462,morbidement,non
2463,mordicus,non
2464,morganatiquement,non
2465,mornement,non
2466,morosement,non
2467,morphologiquement,non
2468,mortellement,non
2469,mortuairement,non
2470,morveusement,non
2471,mot à mot,oui
2472,motu proprio,oui
2473,moult,non
2474,moutonnièrement,non
2475,moyennant,non
2476,moyennement,non
2477,moyenâgeusement,non
2478,muettement,non
2479,multidisciplinairement,non
2480,multilatéralement,non
2481,multinationalement,non
2482,multiplement,non
2483,multiplicativement,non
2484,multipolairement,non
2485,municipalement,non
2486,munificemment,non
2487,murement,non
2488,musculairement,non
2489,musculeusement,non
2490,musicalement,non
2491,mutatis mutandis,oui
2492,mutinement,non
2493,mutuellement,non
2494,mystiquement,non
2495,mystérieusement,non
2496,mythiquement,non
2497,mythologiquement,non
2498,mâlement,non
2499,mécaniquement,non
2500,mécanographiquement,non
2501,méchamment,non
2502,médialement,non
2503,médiatement,non
2504,médiatiquement,non
2505,médicalement,non
2506,médicinalement,non
2507,médico-légalement,non
2508,médiocrement,non
2509,méditativement,non
2510,mélancolieusement,non
2511,mélancoliquement,non
2512,mélodieusement,non
2513,mélodiquement,non
2514,mélodramatiquement,non
2515,mémorablement,non
2516,méphistophéliquement,non
2517,méprisablement,non
2518,méprisamment,non
2519,méridionalement,non
2520,méritoirement,non
2521,méromorphiquement,non
2522,métaboliquement,non
2523,métalinguistiquement,non
2524,métalliquement,non
2525,métallographiquement,non
2526,métallurgiquement,non
2527,métalogiquement,non
2528,métamathématiquement,non
2529,métamériquement,non
2530,métaphoriquement,non
2531,métaphysiquement,non
2532,méthodiquement,non
2533,méthodologiquement,non
2534,méticuleusement,non
2535,métonymiquement,non
2536,métriquement,non
2537,métrologiquement,non
2538,métronomiquement,non
2539,météorologiquement,non
2540,même,non
2541,mêmement,non
2542,mûrement,non
2543,n',non
2544,n'importe où,oui
2545,n'étant,non
2546,N.B.,oui
2547,na,non
2548,naguère,non
2549,naguères,non
2550,nan,non
2551,narcissiquement,non
2552,narquoisement,non
2553,narrativement,non
2554,nasalement,non
2555,nasillardement,non
2556,natalement,non
2557,nationalement,non
2558,nativement,non
2559,nature,non
2560,naturellement,non
2561,naïvement,non
2562,ne,non
2563,ne varietur,oui
2564,nenni,non
2565,nerveusement,non
2566,net,non
2567,nettement,non
2568,neurochirurgicalement,non
2569,neurolinguistiquement,non
2570,neurologiquement,non
2571,neurophysiologiquement,non
2572,neuropsychiatriquement,non
2573,neutrement,non
2574,neuvièmement,non
2575,ni,non
2576,ni plus ni moins,oui
2577,niaisement,non
2578,nib,non
2579,nigaudement,non
2580,nihil obstat,oui
2581,noblement,non
2582,nocivement,non
2583,nocturnement,non
2584,noirement,non
2585,nomadement,non
2586,nombreusement,non
2587,nominalement,non
2588,nominativement,non
2589,nommément,non
2590,non,non
2591,non plus,oui
2592,non-seulement,non
2593,nonchalamment,non
2594,nonchalemment,non
2595,nono,non
2596,nonobstant,non
2597,noologiquement,non
2598,normalement,non
2599,normativement,non
2600,nostalgiquement,non
2601,nota bene,oui
2602,notablement,non
2603,notamment,non
2604,notarialement,non
2605,notoirement,non
2606,nouménalement,non
2607,nouvellement,non
2608,noétiquement,non
2609,nuageusement,non
2610,nucléairement,non
2611,nuisiblement,non
2612,nuitamment,non
2613,nulle part,oui
2614,nullement,non
2615,nument,non
2616,numismatiquement,non
2617,numériquement,non
2618,nuncupativement,non
2619,nuptialement,non
2620,néanmoins,non
2621,nébuleusement,non
2622,nécessairement,non
2623,néfastement,non
2624,négatif,non
2625,négativement,non
2626,négligemment,non
2627,néologiquement,non
2628,népotiquement,non
2629,névrotiquement,non
2630,nûment,non
2631,objectivement,non
2632,oblativement,non
2633,obligatoirement,non
2634,oblige,non
2635,obligeamment,non
2636,obliquement,non
2637,oblonguement,non
2638,obrepticement,non
2639,obscurément,non
2640,obscènement,non
2641,obsessionnellement,non
2642,obsessivement,non
2643,obstinément,non
2644,obséquieusement,non
2645,obtusément,non
2646,obèsement,non
2647,occasionnellement,non
2648,occultement,non
2649,octavo,non
2650,octogonalement,non
2651,oculairement,non
2652,océanographiquement,non
2653,odieusement,non
2654,oecuméniquement,non
2655,oenologiquement,non
2656,off,non
2657,offensivement,non
2658,officiellement,non
2659,officieusement,non
2660,oh,non
2661,oiseusement,non
2662,oisivement,non
2663,olfactivement,non
2664,oligarchiquement,non
2665,olympiquement,non
2666,ombrageusement,non
2667,ombreusement,non
2668,onc,non
2669,oncques,non
2670,onctueusement,non
2671,onduleusement,non
2672,oniriquement,non
2673,onomatopéiquement,non
2674,onque,non
2675,onques,non
2676,ontiquement,non
2677,ontogénétiquement,non
2678,ontologiquement,non
2679,onzièmement,non
2680,onéreusement,non
2681,op. cit.,oui
2682,opaquement,non
2683,ophtalmologiquement,non
2684,opiniâtrement,non
2685,opportunistement,non
2686,opportunément,non
2687,opposément,non
2688,oppressivement,non
2689,optimalement,non
2690,optime,non
2691,optimistement,non
2692,optionnellement,non
2693,optiquement,non
2694,opulemment,non
2695,opus citatum,oui
2696,opérationnellement,non
2697,opératoirement,non
2698,orageusement,non
2699,oralement,non
2700,oratoirement,non
2701,orbiculairement,non
2702,orbitalement,non
2703,orchestralement,non
2704,ordinairement,non
2705,ordurièrement,non
2706,ore,non
2707,ores,non
2708,organiquement,non
2709,organoleptiquement,non
2710,organologiquement,non
2711,orgiaquement,non
2712,orgiastiquement,non
2713,orgueilleusement,non
2714,orientalement,non
2715,originairement,non
2716,originalement,non
2717,originellement,non
2718,ornithologiquement,non
2719,orographiquement,non
2720,orthodoxement,non
2721,orthogonalement,non
2722,orthographiquement,non
2723,orthoptiquement,non
2724,orthopédiquement,non
2725,osmotiquement,non
2726,ostensiblement,non
2727,ostentatoirement,non
2728,oublieusement,non
2729,ouf,non
2730,oui,non
2731,ouille,non
2732,out,non
2733,outrageusement,non
2734,outrancièrement,non
2735,outre,non
2736,outre mesure,oui
2737,outre-Atlantique,non
2738,outre-atlantique,non
2739,outre-Manche,non
2740,outre-manche,non
2741,outre-mer,non
2742,outre-meuse,non
2743,outre-monts,non
2744,outre-Quiévrain,non
2745,outre-Rhin,non
2746,outre-rhin,non
2747,outre-tombe,non
2748,outrecuidamment,non
2749,ouvertement,non
2750,ouvrièrement,non
2751,ovalement,non
2752,oviparement,non
2753,ovoviviparement,non
2754,p-ê,non
2755,pachaliquement,non
2756,pacifiquement,non
2757,paillardement,non
2758,pairement,non
2759,paisiblement,non
2760,palingénésiquement,non
2761,palpablement,non
2762,paléobotaniquement,non
2763,paléographiquement,non
2764,paléontologiquement,non
2765,panoptiquement,non
2766,panoramiquement,non
2767,pantagruéliquement,non
2768,papelardement,non
2769,par ailleurs,oui
2770,par conséquent,oui
2771,par contre,oui
2772,par exemple,oui
2773,par hasard,oui
2774,par moments,oui
2775,par trop,oui
2776,par-ci,oui
2777,par-derrière,non
2778,par-dessous,non
2779,par-dessus,non
2780,par-devant,non
2781,par-devers,non
2782,par-là,non
2783,paraboliquement,non
2784,paradigmatiquement,non
2785,paradoxalement,non
2786,paralittérairement,non
2787,parallactiquement,non
2788,parallèlement,non
2789,paramilitairement,non
2790,paramétriquement,non
2791,paranoïaquement,non
2792,parasitairement,non
2793,parcellairement,non
2794,parcellement,non
2795,parcimonieusement,non
2796,pardon,non
2797,pareillement,non
2798,paresseusement,non
2799,parfaitement,non
2800,parfin,non
2801,parfois,non
2802,parisiennement,non
2803,paritairement,non
2804,parlementairement,non
2805,parmi,non
2806,parodiquement,non
2807,paroxistiquement,non
2808,paroxystiquement,non
2809,partant,non
2810,parthénogénétiquement,non
2811,partialement,non
2812,particulièrement,non
2813,partiellement,non
2814,partout,non
2815,pas,non
2816,pas du tout,oui
2817,pas encore,oui
2818,pas à pas,oui
2819,passablement,non
2820,passagèrement,non
2821,passim,non
2822,passionnellement,non
2823,passionnément,non
2824,passivement,non
2825,passé,non
2826,pastoralement,non
2827,patati et patata,oui
2828,pataudement,non
2829,patelinement,non
2830,patemment,non
2831,paternellement,non
2832,paternement,non
2833,pathologiquement,non
2834,pathétiquement,non
2835,patibulairement,non
2836,patiemment,non
2837,patriarcalement,non
2838,patrilinéairement,non
2839,patrimonialement,non
2840,patriotiquement,non
2841,pauvrement,non
2842,paysannement,non
2843,païennement,non
2844,pedibus,non
2845,peinardement,non
2846,peineusement,non
2847,penaudement,non
2848,pendablement,non
2849,pendant,non
2850,pendulairement,non
2851,pensivement,non
2852,pentatoniquement,non
2853,per capita,oui
2854,perceptiblement,non
2855,perceptivement,non
2856,perdurablement,non
2857,perfidement,non
2858,permissivement,non
2859,pernicieusement,non
2860,perpendiculairement,non
2861,perplexement,non
2862,perpétuellement,non
2863,persifleusement,non
2864,perso,non
2865,personnellement,non
2866,perspectivement,non
2867,perspicacement,non
2868,persuasivement,non
2869,persévéramment,non
2870,pertinemment,non
2871,perversement,non
2872,pervertissement,non
2873,pesamment,non
2874,pessimistement,non
2875,petit,non
2876,petit à petit,oui
2877,petit à petit,non
2878,petit-à-petit,non
2879,petitement,non
2880,peu,non
2881,peu ou prou,oui
2882,peu à peu,oui
2883,peureusement,non
2884,peut-être,non
2885,phalliquement,non
2886,pharaoniquement,non
2887,pharisaïquement,non
2888,pharmacologiquement,non
2889,philanthropement,non
2890,philanthropiquement,non
2891,philistinement,non
2892,philologiquement,non
2893,philosophiquement,non
2894,phobiquement,non
2895,phoniquement,non
2896,phonographiquement,non
2897,phonologiquement,non
2898,phonématiquement,non
2899,phonémiquement,non
2900,phonétiquement,non
2901,photochimiquement,non
2902,photographiquement,non
2903,photométriquement,non
2904,photosynthétiquement,non
2905,phrénologiquement,non
2906,phylogénétiquement,non
2907,phylétiquement,non
2908,physico-chimiquement,non
2909,physiologiquement,non
2910,physionomiquement,non
2911,physiquement,non
2912,phénoménalement,non
2913,phénoméniquement,non
2914,phénoménologiquement,non
2915,piane-piane,non
2916,pianissimo,non
2917,pianistiquement,non
2918,piano,non
2919,pictographiquement,non
2920,picturalement,non
2921,pieusement,non
2922,pile,non
2923,pinailleusement,non
2924,pindariquement,non
2925,pingrement,non
2926,pirandelliquement,non
2927,pirement,non
2928,pis,non
2929,piteusement,non
2930,pitoyablement,non
2931,pittoresquement,non
2932,piu,non
2933,pizzicato,non
2934,piètrement,non
2935,più,non
2936,placidement,non
2937,plaignardement,non
2938,plaintivement,non
2939,plaisamment,non
2940,plan-plan,non
2941,planimétriquement,non
2942,plantureusement,non
2943,planétairement,non
2944,plastiquement,non
2945,plat,non
2946,platement,non
2947,platoniquement,non
2948,plausiblement,non
2949,plein,non
2950,pleine,non
2951,pleinement,non
2952,pleutrement,non
2953,pluriannuellement,non
2954,pluridisciplinairement,non
2955,plurilatéralement,non
2956,plurinationalement,non
2957,plus,non
2958,plus avant,oui
2959,plus jamais,oui
2960,plus ou moins,oui
2961,plus que jamais,oui
2962,plutoniquement,non
2963,plutôt,non
2964,plébéiennement,non
2965,plénièrement,non
2966,pléonastiquement,non
2967,pléthoriquement,non
2968,pneumatiquement,non
2969,poco,non
2970,point,non
2971,point pour point,oui
2972,pointilleusement,non
2973,pointu,non
2974,poisseusement,non
2975,policièrement,non
2976,poliment,non
2977,polissonnement,non
2978,politiquement,non
2979,poltronnement,non
2980,polygonalement,non
2981,polyphoniquement,non
2982,polyédriquement,non
2983,polémiquement,non
2984,pomologiquement,non
2985,pompeusement,non
2986,poncivement,non
2987,ponctuellement,non
2988,pondéralement,non
2989,pondérément,non
2990,pontificalement,non
2991,populacièrement,non
2992,populairement,non
2993,pornographiquement,non
2994,positionnellement,non
2995,positivement,non
2996,possessivement,non
2997,possessoirement,non
2998,possiblement,non
2999,post mortem,oui
3000,post scriptum,oui
3001,posthumement,non
3002,posthumément,non
3003,postichement,non
3004,postscolairement,non
3005,postérieurement,non
3006,posément,non
3007,potablement,non
3008,potentiellement,non
3009,pour autant,oui
3010,pour de bon,oui
3011,pour la plupart,oui
3012,pour le moins,oui
3013,pour sûr,oui
3014,pour toujours,oui
3015,pour un peu,oui
3016,pourquoi,non
3017,pourtant,non
3018,poussivement,non
3019,poétiquement,non
3020,pragmatiquement,non
3021,pratiquement,non
3022,premièrement,non
3023,presque,non
3024,prestement,non
3025,prestigieusement,non
3026,prestissimo,non
3027,presto,non
3028,primairement,non
3029,primement,non
3030,primesautièrement,non
3031,primitivement,non
3032,primo,non
3033,primordialement,non
3034,principalement,non
3035,principiellement,non
3036,princièrement,non
3037,printanièrement,non
3038,prioritairement,non
3039,prismatiquement,non
3040,privativement,non
3041,privément,non
3042,pro domo,oui
3043,pro forma,oui
3044,probablement,non
3045,probement,non
3046,problématiquement,non
3047,processionnellement,non
3048,prochainement,non
3049,proche,non
3050,proconsulairement,non
3051,procédurièrement,non
3052,prodigalement,non
3053,prodigieusement,non
3054,prodiguement,non
3055,proditoirement,non
3056,productivement,non
3057,profanement,non
3058,professionnellement,non
3059,professoralement,non
3060,profitablement,non
3061,profond,non
3062,profondément,non
3063,profusément,non
3064,programmatiquement,non
3065,progressivement,non
3066,projectivement,non
3067,proleptiquement,non
3068,prolifiquement,non
3069,prolixement,non
3070,prolétairement,non
3071,promptement,non
3072,prompto,non
3073,pronominalement,non
3074,prophylactiquement,non
3075,prophétiquement,non
3076,propicement,non
3077,propitiatoirement,non
3078,proportionnellement,non
3079,proportionnément,non
3080,proprement,non
3081,propriétairement,non
3082,prosaïquement,non
3083,prosodiquement,non
3084,prospectivement,non
3085,prospèrement,non
3086,protocolairement,non
3087,protohistoriquement,non
3088,prou,non
3089,proverbialement,non
3090,providentiellement,non
3091,provincialement,non
3092,provisionnellement,non
3093,provisoirement,non
3094,prudement,non
3095,prudemment,non
3096,prudhommesquement,non
3097,près,non
3098,préalablement,non
3099,précairement,non
3100,précautionneusement,non
3101,précieusement,non
3102,précipitamment,non
3103,préciputairement,non
3104,précisément,non
3105,précocement,non
3106,précédemment,non
3107,préférablement,non
3108,préféremment,non
3109,préférentiellement,non
3110,préhistoriquement,non
3111,préjudiciablement,non
3112,préliminairement,non
3113,prélogiquement,non
3114,prématurément,non
3115,prémonitoirement,non
3116,prépositivement,non
3117,préscolairement,non
3118,présentement,non
3119,présomptivement,non
3120,présomptueusement,non
3121,présumablement,non
3122,présumément,non
3123,prétendument,non
3124,prétendûment,non
3125,prétendûment,non
3126,prétentieusement,non
3127,préventivement,non
3128,prévisionnellement,non
3129,prévôtalement,non
3130,psychanalytiquement,non
3131,psychiatriquement,non
3132,psychiquement,non
3133,psycholinguistiquement,non
3134,psychologiquement,non
3135,psychométriquement,non
3136,psychopathologiquement,non
3137,psychophysiologiquement,non
3138,psychophysiquement,non
3139,psychosomatiquement,non
3140,psychothérapiquement,non
3141,puamment,non
3142,publicitairement,non
3143,publiquement,non
3144,pudibondement,non
3145,pudiquement,non
3146,pugnacement,non
3147,puis,non
3148,puissamment,non
3149,pulmonairement,non
3150,pulsionellement,non
3151,purement,non
3152,puritainement,non
3153,pusillanimement,non
3154,putainement,non
3155,putassièrement,non
3156,putativement,non
3157,puérilement,non
3158,pyramidalement,non
3159,pyrométriquement,non
3160,pâlement,non
3161,pâteusement,non
3162,pécuniairement,non
3163,pédagogiquement,non
3164,pédamment,non
3165,pédantement,non
3166,pédantesquement,non
3167,pédestrement,non
3168,péjorativement,non
3169,pénalement,non
3170,pénardement,non
3171,péniblement,non
3172,pénitentiairement,non
3173,pépèrement,non
3174,péremptoirement,non
3175,périculeusement,non
3176,périlleusement,non
3177,périodiquement,non
3178,péripatéticiennement,non
3179,périphériquement,non
3180,périscolairement,non
3181,pétitionnement,non
3182,pétrochimiquement,non
3183,pétrographiquement,non
3184,pétroléochimiquement,non
3185,pêle-mêle,non
3186,pêlemêle,non
3187,pô,non
3188,q.e.d.,oui
3189,qed,oui
3190,qqpart,oui
3191,quadrangulairement,non
3192,quadrimestriellement,non
3193,quadruplement,non
3194,qualitativement,non
3195,quand,non
3196,quand même,oui
3197,quant à,oui
3198,quantiquement,non
3199,quantitativement,non
3200,quarante,non
3201,quarantièmement,non
3202,quarto,non
3203,quasi,non
3204,quasi-contractuellement,non
3205,quasi-matériellement,non
3206,quasiment,non
3207,quater,non
3208,quatorzièmement,non
3209,quatrièmement,non
3210,que,non
3211,quelconquement,non
3212,quellement,non
3213,quelque,non
3214,quelque part,oui
3215,quelque peu,oui
3216,quelquefois,non
3217,question,non
3218,quinto,non
3219,quintuplement,non
3220,quinzièmement,non
3221,quittement,non
3222,quiètement,non
3223,quod erat demonstrandum,oui
3224,quoique,non
3225,quotidiennement,non
3226,racialement,non
3227,racoleusement,non
3228,radiairement,non
3229,radialement,non
3230,radicalement,non
3231,radieusement,non
3232,radinement,non
3233,radiographiquement,non
3234,radiologiquement,non
3235,radiophoniquement,non
3236,radiotélégraphiquement,non
3237,radioélectriquement,non
3238,rageusement,non
3239,raidement,non
3240,railleusement,non
3241,raisonnablement,non
3242,rallentando,non
3243,rapacement,non
3244,rapidement,non
3245,rapido,non
3246,rapidos,non
3247,rarement,non
3248,rarissimement,non
3249,ras,non
3250,rasibus,non
3251,rassérénement,non
3252,rationnellement,non
3253,ravissamment,non
3254,recevablement,non
3255,reconventionnellement,non
3256,recta,non
3257,rectangulairement,non
3258,rectilignement,non
3259,rectilinéairement,non
3260,redoutablement,non
3261,regrettablement,non
3262,relativement,non
3263,religieusement,non
3264,remarquablement,non
3265,rembranesquement,non
3266,rentablement,non
3267,reproductivement,non
3268,représentativement,non
3269,respectablement,non
3270,respectivement,non
3271,respectueusement,non
3272,restrictivement,non
3273,revêchement,non
3274,rhomboédriquement,non
3275,rhéologiquement,non
3276,rhétoriquement,non
3277,ric-rac,non
3278,richement,non
3279,richissimement,non
3280,ricrac,non
3281,ridiculement,non
3282,rieusement,non
3283,rigidement,non
3284,rigoureusement,non
3285,rinforzando,non
3286,ringardement,non
3287,risiblement,non
3288,ritardando,non
3289,rituellement,non
3290,robustement,non
3291,rocailleusement,non
3292,rocambolesquement,non
3293,rogatoirement,non
3294,roguement,non
3295,roidement,non
3296,romainement,non
3297,romancièrement,non
3298,romanesquement,non
3299,romantiquement,non
3300,rond,non
3301,rondement,non
3302,rondouillardement,non
3303,rosement,non
3304,rossement,non
3305,rotativement,non
3306,roturièrement,non
3307,roublardement,non
3308,rouge,non
3309,rougement,non
3310,routinement,non
3311,routinièrement,non
3312,royalement,non
3313,rubato,non
3314,rudement,non
3315,rudimentairement,non
3316,ruineusement,non
3317,ruralement,non
3318,rustaudement,non
3319,rustiquement,non
3320,rustrement,non
3321,rythmiquement,non
3322,règlementairement,non
3323,réactionnairement,non
3324,réactivement,non
3325,réalistement,non
3326,rébarbativement,non
3327,récemment,non
3328,réciproquement,non
3329,récursivement,non
3330,rédhibitoirement,non
3331,réellement,non
3332,réflexivement,non
3333,réfractairement,non
3334,référendairement,non
3335,référentiellement,non
3336,régionalement,non
3337,réglementairement,non
3338,réglo,non
3339,réglément,non
3340,régressivement,non
3341,régulativement,non
3342,régulièrement,non
3343,répressivement,non
3344,répréhensiblement,non
3345,républicainement,non
3346,répulsivement,non
3347,répétitivement,non
3348,résidentiellement,non
3349,résiduellement,non
3350,résineusement,non
3351,résolument,non
3352,rétivement,non
3353,rétroactivement,non
3354,rétrospectivement,non
3355,réversiblement,non
3356,révocablement,non
3357,révolutionnairement,non
3358,révéremment,non
3359,révérencieusement,non
3360,rêveusement,non
3361,s'entend,non
3362,s'il te plaît,oui
3363,s'il vous plaît,oui
3364,sacerdotalement,non
3365,sacramentellement,non
3366,sacrilègement,non
3367,sacrément,non
3368,sadiquement,non
3369,sagacement,non
3370,sagement,non
3371,sagittalement,non
3372,sainement,non
3373,saintement,non
3374,saisonnièrement,non
3375,salacement,non
3376,salarialement,non
3377,salaudement,non
3378,salement,non
3379,salopement,non
3380,salubrement,non
3381,salutairement,non
3382,samedi,non
3383,sanguinairement,non
3384,sanitairement,non
3385,sans cesse,oui
3386,sans conteste,oui
3387,sans coup férir,oui
3388,sans doute,oui
3389,saphiquement,non
3390,sapristi,non
3391,sarcastiquement,non
3392,sardoniquement,non
3393,sataniquement,non
3394,satiriquement,non
3395,satisfaisamment,non
3396,satyriquement,non
3397,sauf,non
3398,saumâtrement,non
3399,sauvagement,non
3400,savamment,non
3401,savoureusement,non
3402,scabreusement,non
3403,scalairement,non
3404,scandaleusement,non
3405,scatologiquement,non
3406,sceptiquement,non
3407,scherzando,non
3408,scherzo,non
3409,schuss,non
3410,schématiquement,non
3411,sciemment,non
3412,scientifiquement,non
3413,scolairement,non
3414,scolastiquement,non
3415,scrupuleusement,non
3416,sculpturalement,non
3417,scélératement,non
3418,scéniquement,non
3419,sec,non
3420,secondairement,non
3421,secondement,non
3422,secourablement,non
3423,secrètement,non
3424,sectairement,non
3425,sectoriellement,non
3426,secundo,non
3427,seigneurialement,non
3428,seizièmement,non
3429,semblablement,non
3430,semestriellement,non
3431,sempiternellement,non
3432,senestrorsum,non
3433,sensationnellement,non
3434,sensiblement,non
3435,sensuellement,non
3436,sensément,non
3437,sentencieusement,non
3438,sentimentalement,non
3439,septentrionalement,non
3440,septimo,non
3441,septièmement,non
3442,sereinement,non
3443,serré,non
3444,serviablement,non
3445,servilement,non
3446,seul,non
3447,seul à seul,oui
3448,seulement,non
3449,sexto,non
3450,sextuplement,non
3451,sexuellement,non
3452,sforzando,non
3453,si,non
3454,si nécessaire,oui
3455,si peu,oui
3456,sibyllinement,non
3457,sic,non
3458,sidéralement,non
3459,sidérurgiquement,non
3460,significativement,non
3461,silencieusement,non
3462,simiesquement,non
3463,similairement,non
3464,simplement,non
3465,simplicialement,non
3466,simultanément,non
3467,sincèrement,non
3468,sine die,oui
3469,sine qua non,oui
3470,singulièrement,non
3471,sinistrement,non
3472,sinistrorsum,non
3473,sinon,non
3474,sinueusement,non
3475,siouxement,non
3476,sirupeusement,non
3477,sitôt,non
3478,sixièmement,non
3479,smorzando,non
3480,snobinardement,non
3481,sobrement,non
3482,sociablement,non
3483,socialement,non
3484,sociolinguistiquement,non
3485,sociologiquement,non
3486,sociétairement,non
3487,socratiquement,non
3488,soi-disant,non
3489,soigneusement,non
3490,soir,non
3491,soit,non
3492,soixantièmement,non
3493,solairement,non
3494,soldatesquement,non
3495,solennellement,non
3496,solidairement,non
3497,solidement,non
3498,solitairement,non
3499,somatiquement,non
3500,sombrement,non
3501,sommairement,non
3502,somnambuliquement,non
3503,somptuairement,non
3504,somptueusement,non
3505,songeusement,non
3506,sonorement,non
3507,sophistiquement,non
3508,sorboniquement,non
3509,sorbonniquement,non
3510,sordidement,non
3511,sororalement,non
3512,sostenuto,non
3513,sosténuto,non
3514,sottement,non
3515,soucieusement,non
3516,soudain,non
3517,soudainement,non
3518,souhaitablement,non
3519,souplement,non
3520,soupçonneusement,non
3521,sourcilleusement,non
3522,sourdement,non
3523,sourieusement,non
3524,sournoisement,non
3525,souterrainement,non
3526,souvent,non
3527,souventefois,non
3528,souventes fois,oui
3529,souverainement,non
3530,soyeusement,non
3531,spacieusement,non
3532,spartiatement,non
3533,spasmodiquement,non
3534,spatialement,non
3535,spectaculairement,non
3536,spectralement,non
3537,sphériquement,non
3538,spiccato,non
3539,spiralement,non
3540,spiritoso,non
3541,spirituellement,non
3542,spirituoso,non
3543,splendidement,non
3544,spontanément,non
3545,sporadiquement,non
3546,sportivement,non
3547,spécialement,non
3548,spécieusement,non
3549,spécifiquement,non
3550,spéculairement,non
3551,spéculativement,non
3552,spéléologiquement,non
3553,stablement,non
3554,staccato,non
3555,staliniennement,non
3556,stationnairement,non
3557,statiquement,non
3558,statistiquement,non
3559,statutairement,non
3560,stochastiquement,non
3561,stoechiométriquement,non
3562,stoïquement,non
3563,stp,oui
3564,stratigraphiquement,non
3565,stratégiquement,non
3566,strictement,non
3567,stricto sensu,oui
3568,stridemment,non
3569,strophiquement,non
3570,structuralement,non
3571,structurellement,non
3572,studieusement,non
3573,stupidement,non
3574,stylistiquement,non
3575,sténographiquement,non
3576,stérilement,non
3577,stéréographiquement,non
3578,stéréométriquement,non
3579,stéréophoniquement,non
3580,suavement,non
3581,subalternement,non
3582,subconsciemment,non
3583,subitement,non
3584,subito,non
3585,subjectivement,non
3586,sublimement,non
3587,subordinément,non
3588,subordonnément,non
3589,subrepticement,non
3590,subrogatoirement,non
3591,subsidiairement,non
3592,substantiellement,non
3593,substantivement,non
3594,subséquemment,non
3595,subtilement,non
3596,subversivement,non
3597,successivement,non
3598,succinctement,non
3599,succulemment,non
3600,suffisamment,non
3601,suggestivement,non
3602,sui generis,oui
3603,suicidairement,non
3604,sultanesquement,non
3605,superbement,non
3606,superficiellement,non
3607,superfinement,non
3608,superfétatoirement,non
3609,superlativement,non
3610,superstitieusement,non
3611,supplémentairement,non
3612,supplétivement,non
3613,supportablement,non
3614,supposément,non
3615,supra,non
3616,supranationalement,non
3617,suprêmement,non
3618,supérieurement,non
3619,sur-le-champ,non
3620,surabondamment,non
3621,surement,non
3622,surhumainement,non
3623,surjectivement,non
3624,surnaturellement,non
3625,surréalistement,non
3626,surréellement,non
3627,surtout,non
3628,surérogatoirement,non
3629,sus,non
3630,suspectement,non
3631,suspens,non
3632,suspicieusement,non
3633,sveltement,non
3634,svp,oui
3635,svt,non
3636,sybaritiquement,non
3637,syllabiquement,non
3638,syllogistiquement,non
3639,symbiotiquement,non
3640,symboliquement,non
3641,sympathiquement,non
3642,symphoniquement,non
3643,symptomatiquement,non
3644,symétriquement,non
3645,synchroniquement,non
3646,syncrétiquement,non
3647,syndicalement,non
3648,synergiquement,non
3649,synonymiquement,non
3650,synoptiquement,non
3651,syntactiquement,non
3652,syntagmatiquement,non
3653,syntaxiquement,non
3654,synthétiquement,non
3655,systématiquement,non
3656,systémiquement,non
3657,sèchement,non
3658,séculairement,non
3659,séculièrement,non
3660,sédentairement,non
3661,séditieusement,non
3662,sélectivement,non
3663,sélénographiquement,non
3664,sémantiquement,non
3665,sémiologiquement,non
3666,sémiotiquement,non
3667,sémiquement,non
3668,séméiotiquement,non
3669,sénestrorsum,non
3670,sénilement,non
3671,séparément,non
3672,séquentiellement,non
3673,séraphiquement,non
3674,sériellement,non
3675,sérieusement,non
3676,sérologiquement,non
3677,sévèrement,non
3678,sûr,non
3679,sûrement,non
3680,tabulairement,non
3681,tacitement,non
3682,taciturnement,non
3683,tactilement,non
3684,tactiquement,non
3685,talentueusement,non
3686,talmudiquement,non
3687,tandis,non
3688,tandis que,oui
3689,tangentiellement,non
3690,tangiblement,non
3691,tant,non
3692,tant soit peu,oui
3693,tantôt,non
3694,tapageusement,non
3695,taquinement,non
3696,tard,non
3697,tardivement,non
3698,tatillonnement,non
3699,tauromachiquement,non
3700,tautologiquement,non
3701,taxativement,non
3702,taxinomiquement,non
3703,taxonomiquement,non
3704,techniquement,non
3705,technocratiquement,non
3706,technologiquement,non
3707,tectoniquement,non
3708,teigneusement,non
3709,tel quel,oui
3710,tellement,non
3711,temporairement,non
3712,temporellement,non
3713,tempérément,non
3714,tempétueusement,non
3715,tenacement,non
3716,tendanciellement,non
3717,tendancieusement,non
3718,tendrement,non
3719,tennistiquement,non
3720,tentaculairement,non
3721,tenuto,non
3722,ter,non
3723,terminologiquement,non
3724,ternement,non
3725,terrestrement,non
3726,terrible,non
3727,terriblement,non
3728,territorialement,non
3729,tertio,non
3730,testimonialement,non
3731,texto,non
3732,textuellement,non
3733,thermiquement,non
3734,thermodynamiquement,non
3735,thermométriquement,non
3736,thermonucléairement,non
3737,thermoélectriquement,non
3738,thématiquement,non
3739,théocentriquement,non
3740,théocratiquement,non
3741,théogoniquement,non
3742,théologalement,non
3743,théologiquement,non
3744,théoriquement,non
3745,théosophiquement,non
3746,thérapeutiquement,non
3747,thétiquement,non
3748,théâtralement,non
3749,tiercement,non
3750,timidement,non
3751,titulairement,non
3752,tièdement,non
3753,tiédassement,non
3754,tjrs,non
3755,tjs,non
3756,tocardement,non
3757,tolérablement,non
3758,tonalement,non
3759,toniquement,non
3760,topiquement,non
3761,topographiquement,non
3762,topologiquement,non
3763,toponymiquement,non
3764,torpidement,non
3765,torrentiellement,non
3766,torrentueusement,non
3767,torridement,non
3768,tortueusement,non
3769,torvement,non
3770,totalement,non
3771,totalitairement,non
3772,toujours,non
3773,toujours autant,oui
3774,toujours mieux,oui
3775,toujours moins,oui
3776,toujours plus,oui
3777,tour à tour,oui
3778,touristiquement,non
3779,tout,non
3780,tout au moins,oui
3781,tout au plus,oui
3782,tout bas,oui
3783,tout court,oui
3784,tout d'abord,oui
3785,tout d'un coup,oui
3786,tout de go,oui
3787,tout de même,oui
3788,tout de suite,oui
3789,tout juste,oui
3790,tout le temps,oui
3791,tout particulièrement,oui
3792,tout à coup,oui
3793,tout à fait,oui
3794,tout à l'heure,oui
3795,tout-à-coup,non
3796,toute,non
3797,toutefois,non
3798,toxicologiquement,non
3799,tracassièrement,non
3800,traditionnellement,non
3801,tragediante,non
3802,tragiquement,non
3803,traitreusement,non
3804,tranquillement,non
3805,transactionnellement,non
3806,transcendantalement,non
3807,transformationnellement,non
3808,transgressivement,non
3809,transitivement,non
3810,transitoirement,non
3811,transparemment,non
3812,transversalement,non
3813,traumatologiquement,non
3814,traînardement,non
3815,traîtreusement,non
3816,treizièmement,non
3817,trentièmement,non
3818,triangulairement,non
3819,tribalement,non
3820,tridimensionnellement,non
3821,trigonométriquement,non
3822,trihebdomadairement,non
3823,trimestriellement,non
3824,triomphalement,non
3825,triplement,non
3826,trisannuellement,non
3827,tristement,non
3828,trivialement,non
3829,troisio,non
3830,troisièmement,non
3831,trompeusement,non
3832,trop,non
3833,trotte-menu,non
3834,trouillardement,non
3835,très,non
3836,TTC,non
3837,tumultuairement,non
3838,tumultueusement,non
3839,turpidement,non
3840,tutélairement,non
3841,typiquement,non
3842,typographiquement,non
3843,typologiquement,non
3844,tyranniquement,non
3845,télescopiquement,non
3846,téléautographiquement,non
3847,télégraphiquement,non
3848,téléinformatiquement,non
3849,télématiquement,non
3850,téléologiquement,non
3851,télépathiquement,non
3852,téléphoniquement,non
3853,télévisuellement,non
3854,témérairement,non
3855,ténuto,non
3856,ténébreusement,non
3857,tératologiquement,non
3858,tétaniquement,non
3859,tétralogiquement,non
3860,tétraédriquement,non
3861,tête-bêche,non
3862,têtebêche,non
3863,tôt,non
3864,ultimement,non
3865,ultimo,non
3866,ultra-petita,non
3867,ultrapétita,non
3868,ultérieurement,non
3869,un peu,oui
3870,un tant soit peu,oui
3871,un à une,oui
3872,unanimement,non
3873,uniformément,non
3874,unilatéralement,non
3875,unilinéairement,non
3876,uniment,non
3877,uninominalement,non
3878,unipolairement,non
3879,uniquement,non
3880,unitairement,non
3881,universellement,non
3882,universitairement,non
3883,univoquement,non
3884,unièmement,non
3885,urbainement,non
3886,urbi et orbi,oui
3887,urgemment,non
3888,urologiquement,non
3889,usuellement,non
3890,usurairement,non
3891,ute,non
3892,utilement,non
3893,utilitairement,non
3894,utopiquement,non
3895,uvulairement,non
3896,vachardement,non
3897,vachement,non
3898,vaginalement,non
3899,vaguement,non
3900,vaillamment,non
3901,vainement,non
3902,valablement,non
3903,valeureusement,non
3904,validement,non
3905,vaniteusement,non
3906,vantardement,non
3907,vaporeusement,non
3908,variablement,non
3909,vasculairement,non
3910,vaseusement,non
3911,vasouillardement,non
3912,vastement,non
3913,velléitairement,non
3914,vendredi,non
3915,venimeusement,non
3916,ventralement,non
3917,ventre saint gris,oui
3918,ventre à terre,oui
3919,verbalement,non
3920,verbeusement,non
3921,verbi gratia,oui
3922,vernaculairement,non
3923,versatilement,non
3924,vertement,non
3925,verticalement,non
3926,vertigineusement,non
3927,vertueusement,non
3928,verveusement,non
3929,vestimentairement,non
3930,veulement,non
3931,vi,non
3932,viagèrement,non
3933,vice versa,oui
3934,vice-versa,non
3935,vicieusement,non
3936,victorieusement,non
3937,vieil,non
3938,vieillardement,non
3939,vieillottement,non
3940,vigesimo,non
3941,vigilamment,non
3942,vigoureusement,non
3943,vilain,non
3944,vilainement,non
3945,vilement,non
3946,vindicativement,non
3947,vingtièmement,non
3948,violemment,non
3949,virginalement,non
3950,virilement,non
3951,virtuellement,non
3952,virulemment,non
3953,vis-à-vis,non
3954,viscéralement,non
3955,visiblement,non
3956,visqueusement,non
3957,visuellement,non
3958,vitalement,non
3959,vite,non
3960,vitement,non
3961,vivace,non
3962,vivacement,non
3963,vivement,non
3964,vivi,non
3965,viviparement,non
3966,vocalement,non
3967,vocaliquement,non
3968,voir,non
3969,voire,non
3970,volagement,non
3971,volcaniquement,non
3972,volcanologiquement,non
3973,volens nolens,oui
3974,volontairement,non
3975,volontiers,non
3976,volubilement,non
3977,volumineusement,non
3978,volumétriquement,non
3979,voluptueusement,non
3980,vomitivement,non
3981,voracement,non
3982,voui,non
3983,voyez-vous,non
3984,vrai,non
3985,vraie,non
3986,vraiment,non
3987,vraiment pas,oui
3988,vraisemblablement,non
3989,vulgairement,non
3990,vulgo,non
3991,végétalement,non
3992,végétativement,non
3993,véhémentement,non
3994,vélairement,non
3995,vélocement,non
3996,vénalement,non
3997,véniellement,non
3998,vénéneusement,non
3999,vénérablement,non
4000,véracement,non
4001,véridiquement,non
4002,véritablement,non
4003,vésaniquement,non
4004,vétilleusement,non
4005,vétustement,non
4006,xylographiquement,non
4007,xérographiquement,non
4008,yeah,non
4009,zoologiquement,non
4010,zootechniquement,non
4011,à bon marché,oui
4012,à bout portant,oui
4013,à brûle-pourpoint,oui
4014,à contre-mont,non
4015,à contre-pied,oui
4016,à coup sûr,oui
4017,à court terme,oui
4018,à demi,oui
4019,à demi-voix,oui
4020,à donf,oui
4021,à droite,oui
4022,à fond,oui
4023,à gauche,oui
4024,à gogo,oui
4025,à jamais,oui
4026,à juste titre,oui
4027,à la bourre,oui
4028,à la fois,oui
4029,à loisir,oui
4030,à long terme,oui
4031,à merveille,oui
4032,à mi-chemin,oui
4033,à moitié,oui
4034,à moyen terme,oui
4035,à nouveau,oui
4036,à outrance,oui
4037,à part,oui
4038,à peine,oui
4039,à peu près,oui
4040,à pic,oui
4041,à priori,oui
4042,à propos,oui
4043,à présent,oui
4044,à qui mieux mieux,oui
4045,à temps,oui
4046,à terme,oui
4047,à tort,oui
4048,à tout jamais,oui
4049,à tout le moins,oui
4050,à tout prix,oui
4051,à tout va,oui
4052,à tout-va,oui
4053,à tue-tête,oui
4054,à tâtons,oui
4055,à vrai dire,oui
4056,à-tout-va,oui
4057,âcrement,non
4058,âprement,non
4059,çà,non
4060,çà et là,oui
4061,échocardiographiquement,non
4062,échographiquement,non
4063,échométriquement,non
4064,éclatamment,non
4065,éclectiquement,non
4066,écologiquement,non
4067,économement,non
4068,économiquement,non
4069,économétriquement,non
4070,édéniquement,non
4071,également,non
4072,égalitairement,non
4073,égocentriquement,non
4074,égoïstement,non
4075,égrillardement,non
4076,éhontément,non
4077,élastiquement,non
4078,électivement,non
4079,électoralement,non
4080,électriquement,non
4081,électrocardiographiquement,non
4082,électrochimiquement,non
4083,électrodynamiquement,non
4084,électrolytiquement,non
4085,électromagnétiquement,non
4086,électromécaniquement,non
4087,électroniquement,non
4088,électronucléairement,non
4089,électropneumatiquement,non
4090,électrostatiquement,non
4091,électrotechniquement,non
4092,électrothérapiquement,non
4093,éliminatoirement,non
4094,élitistement,non
4095,élogieusement,non
4096,éloquemment,non
4097,élégamment,non
4098,élégiaquement,non
4099,élémentairement,non
4100,éminemment,non
4101,émotionnellement,non
4102,émotivement,non
4103,énergiquement,non
4104,énergétiquement,non
4105,énigmatiquement,non
4106,énièmement,non
4107,énormément,non
4108,épais,non
4109,épaissement,non
4110,éparsement,non
4111,éparsément,non
4112,épatamment,non
4113,éperdument,non
4114,éphémèrement,non
4115,épicuriennement,non
4116,épidermiquement,non
4117,épidémiologiquement,non
4118,épidémiquement,non
4119,épigrammatiquement,non
4120,épigraphiquement,non
4121,épileptiquement,non
4122,épiquement,non
4123,épiscopalement,non
4124,épisodiquement,non
4125,épistolairement,non
4126,épistémolgiquement,non
4127,épistémologiquement,non
4128,épouvantablement,non
4129,équitablement,non
4130,équivalemment,non
4131,équivoquement,non
4132,érotiquement,non
4133,éruditement,non
4134,éruptivement,non
4135,érémitiquement,non
4136,ésotériquement,non
4137,étatiquement,non
4138,éternellement,non
4139,éthiquement,non
4140,éthologiquement,non
4141,étiologiquement,non
4142,étonnamment,non
4143,étourdiment,non
4144,étrangement,non
4145,étroitement,non
4146,étymologiquement,non
4147,évangéliquement,non
4148,évasivement,non
4149,éventuellement,non
4150,évidemment,non
4151,évolutivement,non
4152,événementiellement,non
4153,ô,non
4154,œnologiquement,non
