"Word","lemme","cgram","freqlemlivres"
"n","ne","ADV","13841.89"
"n'","ne","ADV","13841.89"
"ne","ne","ADV","13841.89"
"pas","pas","ADV","8795.14"
"plus","plus","ADV","5014.53"
"bien","bien","ADV","2535.14"
"tout","tout","ADV","1639.19"
"encore","encore","ADV","1579.05"
"aussi","aussi","ADV","1359.86"
"même","même","ADV","1358.65"
"non","non","ADV","1135.81"
"jamais","jamais","ADV","1122.97"
"très","très","ADV","1120.81"
"toujours","toujours","ADV","1093.78"
"là","là","ADV","1089.66"
"alors","alors","ADV","1033.78"
"si","si","ADV","924.93"
"trop","trop","ADV","790"
"moins","moins","ADV","718.18"
"déjà","déjà","ADV","702.23"
"peut-être","peut-être","ADV","697.97"
"oui","oui","ADV","637.57"
"peu","peu","ADV","563.58"
"maintenant","maintenant","ADV","496.76"
"ici","ici","ADV","483.58"
"ainsi","ainsi","ADV","469.46"
"presque","presque","ADV","465.54"
"beaucoup","beaucoup","ADV","461.42"
"loin","loin","ADV","452.36"
"enfin","enfin","ADV","440.27"
"tant","tant","ADV","436.42"
"assez","assez","ADV","420.14"
"mieux","mieux","ADV","398.38"
"seulement","seulement","ADV","397.97"
"pourtant","pourtant","ADV","375.68"
"comme","comme","ADV","365.68"
"autour","autour","ADV","361.55"
"vite","vite","ADV","351.89"
"mal","mal","ADV","349.46"
"ailleurs","ailleurs","ADV","346.35"
"tard","tard","ADV","344.26"
"longtemps","longtemps","ADV","335.54"
"est-ce que","est-ce que","ADV","322.23"
"surtout","surtout","ADV","291.49"
"parfois","parfois","ADV","287.36"
"souvent","souvent","ADV","286.96"
"plutôt","plutôt","ADV","280.74"
"vraiment","vraiment","ADV","274.32"
"puis","puis","ADV","272.77"
"autant","autant","ADV","240.41"
"fort","fort","ADV","212.77"
"en","en","ADV","212.09"
"soudain","soudain","ADV","207.3"
"aussitôt","aussitôt","ADV","189.93"
"pourquoi","pourquoi","ADV","185.54"
"partout","partout","ADV","179.39"
"au-dessus","au-dessus","ADV","176.35"
"bientôt","bientôt","ADV","169.59"
"d'abord","d'abord","ADV","169.32"
"ensuite","ensuite","ADV","169.19"
"tellement","tellement","ADV","168.51"
"comment","comment","ADV","164.93"
"debout","debout","ADV","158.85"
"aujourd'hui","aujourd'hui","ADV","158.24"
"près","près","ADV","156.96"
"lentement","lentement","ADV","156.55"
"ensemble","ensemble","ADV","145.07"
"cependant","cependant","ADV","139.73"
"après","après","ADV","137.23"
"simplement","simplement","ADV","134.32"
"demain","demain","ADV","134.12"
"doucement","doucement","ADV","128.38"
"tôt","tôt","ADV","126.76"
"avant","avant","ADV","117.7"
"là-bas","là-bas","ADV","117.7"
"depuis","depuis","ADV","114.05"
"quelque","quelque","ADV","111.49"
"brusquement","brusquement","ADV","111.42"
"guère","guère","ADV","110.68"
"juste","juste","ADV","109.46"
"dehors","dehors","ADV","109.05"
"combien","combien","ADV","108.04"
"davantage","davantage","ADV","97.84"
"autrefois","autrefois","ADV","96.96"
"hier","hier","ADV","92.64"
"exactement","exactement","ADV","92.36"
"haut","haut","ADV","90.27"
"désormais","désormais","ADV","88.45"
"évidemment","évidemment","ADV","88.11"
"derrière","derrière","ADV","84.32"
"complètement","complètement","ADV","81.49"
"devant","devant","ADV","81.22"
"justement","justement","ADV","78.18"
"point","point","ADV","74.39"
"sûrement","sûrement","ADV","74.12"
"naturellement","naturellement","ADV","71.96"
"parfaitement","parfaitement","ADV","71.08"
"également","également","ADV","71.01"
"lors","lors","ADV","70.27"
"certes","certes","ADV","69.66"
"tantôt","tantôt","ADV","66.76"
"légèrement","légèrement","ADV","65.2"
"absolument","absolument","ADV","63.45"
"autrement","autrement","ADV","62.77"
"rapidement","rapidement","ADV","62.64"
"quelquefois","quelquefois","ADV","60.47"
"certainement","certainement","ADV","59.93"
"finalement","finalement","ADV","58.92"
"longuement","longuement","ADV","58.45"
"dessus","dessus","ADV","57.57"
"demi","demi","ADV","55.2"
"etc","etc","ADV","55"
"au-delà","au-delà","ADV","52.91"
"jadis","jadis","ADV","52.3"
"c'est-à-dire","c'est-à-dire","ADV","51.96"
"vaguement","vaguement","ADV","51.76"
"heureusement","heureusement","ADV","51.35"
"bon","bon","ADV","45.54"
"là-haut","là-haut","ADV","42.7"
"immédiatement","immédiatement","ADV","42.64"
"chaud","chaud","ADV","41.76"
"auparavant","auparavant","ADV","41.62"
"volontiers","volontiers","ADV","40.61"
"entièrement","entièrement","ADV","39.93"
"dedans","dedans","ADV","39.46"
"directement","directement","ADV","39.12"
"ouais","ouais","ADV","39.05"
"bref","bref","ADV","38.78"
"probablement","probablement","ADV","37.64"
"pis","pis","ADV","37.16"
"facilement","facilement","ADV","37.03"
"particulièrement","particulièrement","ADV","36.62"
"toutefois","toutefois","ADV","35.47"
"précisément","précisément","ADV","34.8"
"profondément","profondément","ADV","34.59"
"soigneusement","soigneusement","ADV","34.39"
"là-dessus","là-dessus","ADV","32.5"
"droit","droit","ADV","31.89"
"rarement","rarement","ADV","31.62"
"décidément","décidément","ADV","30.81"
"bas","bas","ADV","30.34"
"vivement","vivement","ADV","29.86"
"apparemment","apparemment","ADV","29.53"
"jusque-là","jusque-là","ADV","29.53"
"forcément","forcément","ADV","29.12"
"franchement","franchement","ADV","28.24"
"régulièrement","régulièrement","ADV","27.77"
"environ","environ","ADV","27.43"
"tranquillement","tranquillement","ADV","26.82"
"largement","largement","ADV","26.76"
"réellement","réellement","ADV","26.62"
"petit","petit","ADV","25.41"
"drôlement","drôlement","ADV","24.86"
"uniquement","uniquement","ADV","24.66"
"au-dessous","au-dessous","ADV","24.59"
"visiblement","visiblement","ADV","23.99"
"naguère","naguère","ADV","23.72"
"là-dedans","là-dedans","ADV","23.58"
"définitivement","définitivement","ADV","23.51"
"brutalement","brutalement","ADV","23.11"
"machinalement","machinalement","ADV","22.77"
"moitié","moitié","ADV","22.16"
"totalement","totalement","ADV","22.16"
"gentiment","gentiment","ADV","21.76"
"sérieusement","sérieusement","ADV","21.76"
"lourd","lourd","ADV","21.35"
"çà","çà","ADV","21.15"
"malheureusement","malheureusement","ADV","21.08"
"violemment","violemment","ADV","20.88"
"marre","marre","ADV","20.68"
"nettement","nettement","ADV","20.34"
"cher","cher","ADV","20.27"
"notamment","notamment","ADV","20.2"
"suffisamment","suffisamment","ADV","20.07"
"discrètement","discrètement","ADV","19.73"
"gravement","gravement","ADV","19.73"
"net","net","ADV","19.32"
"court","court","ADV","19.26"
"sitôt","sitôt","ADV","19.12"
"clairement","clairement","ADV","18.18"
"dessous","dessous","ADV","17.5"
"infiniment","infiniment","ADV","17.43"
"quasi","quasi","ADV","17.36"
"silencieusement","silencieusement","ADV","17.16"
"pratiquement","pratiquement","ADV","17.03"
"extrêmement","extrêmement","ADV","16.96"
"faiblement","faiblement","ADV","16.89"
"généralement","généralement","ADV","16.89"
"voire","voire","ADV","16.89"
"actuellement","actuellement","ADV","16.69"
"carrément","carrément","ADV","16.55"
"près de","près de","ADV","16.35"
"effectivement","effectivement","ADV","16.28"
"gaiement","gaiement","ADV","16.22"
"proprement","proprement","ADV","16.22"
"constamment","constamment","ADV","15.68"
"fortement","fortement","ADV","15.68"
"subitement","subitement","ADV","15.54"
"récemment","récemment","ADV","15.07"
"personnellement","personnellement","ADV","14.93"
"étrangement","étrangement","ADV","14.86"
"spécialement","spécialement","ADV","14.8"
"lourdement","lourdement","ADV","14.66"
"terriblement","terriblement","ADV","14.53"
"beau","beau","ADV","14.46"
"nullement","nullement","ADV","14.19"
"distraitement","distraitement","ADV","13.51"
"sincèrement","sincèrement","ADV","13.11"
"difficilement","difficilement","ADV","13.04"
"secrètement","secrètement","ADV","13.04"
"durement","durement","ADV","12.97"
"curieusement","curieusement","ADV","12.84"
"librement","librement","ADV","12.84"
"tendrement","tendrement","ADV","12.84"
"delà","delà","ADV","12.7"
"successivement","successivement","ADV","12.57"
"calmement","calmement","ADV","12.43"
"normalement","normalement","ADV","12.43"
"vainement","vainement","ADV","12.09"
"attentivement","attentivement","ADV","11.82"
"bizarrement","bizarrement","ADV","11.82"
"tristement","tristement","ADV","11.82"
"vachement","vachement","ADV","11.82"
"aisément","aisément","ADV","11.69"
"néanmoins","néanmoins","ADV","11.69"
"mollement","mollement","ADV","11.55"
"sèchement","sèchement","ADV","11.55"
"au-dehors","au-dehors","ADV","11.42"
"bêtement","bêtement","ADV","11.28"
"indéfiniment","indéfiniment","ADV","11.22"
"timidement","timidement","ADV","11.22"
"patiemment","patiemment","ADV","11.15"
"au-devant","au-devant","ADV","11.08"
"péniblement","péniblement","ADV","11.01"
"littéralement","littéralement","ADV","10.95"
"sur-le-champ","sur-le-champ","ADV","10.95"
"désespérément","désespérément","ADV","10.81"
"étroitement","étroitement","ADV","10.81"
"bruyamment","bruyamment","ADV","10.54"
"assurément","assurément","ADV","10.41"
"contrairement","contrairement","ADV","10.41"
"insensiblement","insensiblement","ADV","10.41"
"délicatement","délicatement","ADV","10.34"
"exclusivement","exclusivement","ADV","10.34"
"obstinément","obstinément","ADV","10.27"
"précipitamment","précipitamment","ADV","10.14"
"fermement","fermement","ADV","10.07"
"rudement","rudement","ADV","10.07"
"confusément","confusément","ADV","10"
"outre","outre","ADV","10"
"poliment","poliment","ADV","10"
"solidement","solidement","ADV","10"
"éternellement","éternellement","ADV","9.93"
"prudemment","prudemment","ADV","9.86"
"imperceptiblement","imperceptiblement","ADV","9.73"
"soit","soit","ADV","9.73"
"inlassablement","inlassablement","ADV","9.59"
"maladroitement","maladroitement","ADV","9.59"
"instinctivement","instinctivement","ADV","9.46"
"quoique","quoique","ADV","9.46"
"sagement","sagement","ADV","9.46"
"ter","ter","ADV","9.46"
"joyeusement","joyeusement","ADV","9.39"
"passionnément","passionnément","ADV","9.39"
"purement","purement","ADV","9.32"
"paisiblement","paisiblement","ADV","9.12"
"par-ci","par-ci","ADV","9.12"
"volontairement","volontairement","ADV","9.12"
"froidement","froidement","ADV","9.05"
"alentour","alentour","ADV","8.92"
"fixement","fixement","ADV","8.92"
"avant-hier","avant-hier","ADV","8.78"
"à tâtons","à tâtons","ADV","8.78"
"physiquement","physiquement","ADV","8.72"
"cruellement","cruellement","ADV","8.65"
"relativement","relativement","ADV","8.65"
"intensément","intensément","ADV","8.58"
"singulièrement","singulièrement","ADV","8.58"
"extraordinairement","extraordinairement","ADV","8.51"
"négligemment","négligemment","ADV","8.45"
"posément","posément","ADV","8.38"
"énormément","énormément","ADV","8.38"
"d'emblée","d'emblée","ADV","8.31"
"fraîchement","fraîchement","ADV","8.31"
"fréquemment","fréquemment","ADV","8.24"
"progressivement","progressivement","ADV","8.24"
"pêle-mêle","pêle-mêle","ADV","8.24"
"spontanément","spontanément","ADV","8.11"
"entre-temps","entre-temps","ADV","7.97"
"faussement","faussement","ADV","7.91"
"strictement","strictement","ADV","7.91"
"provisoirement","provisoirement","ADV","7.84"
"pleinement","pleinement","ADV","7.77"
"habituellement","habituellement","ADV","7.7"
"fièrement","fièrement","ADV","7.64"
"nécessairement","nécessairement","ADV","7.64"
"instantanément","instantanément","ADV","7.57"
"publiquement","publiquement","ADV","7.57"
"re","r","ADV","7.5"
"nerveusement","nerveusement","ADV","7.36"
"officiellement","officiellement","ADV","7.36"
"furieusement","furieusement","ADV","7.3"
"moralement","moralement","ADV","7.3"
"exprès","exprès","ADV","7.23"
"illico","illico","ADV","7.16"
"merveilleusement","merveilleusement","ADV","7.03"
"obscurément","obscurément","ADV","6.96"
"ouvertement","ouvertement","ADV","6.96"
"dorénavant","dorénavant","ADV","6.89"
"mystérieusement","mystérieusement","ADV","6.82"
"raide","raide","ADV","6.82"
"après-demain","après-demain","ADV","6.76"
"distinctement","distinctement","ADV","6.76"
"manifestement","manifestement","ADV","6.76"
"quasiment","quasiment","ADV","6.62"
"essentiellement","essentiellement","ADV","6.55"
"sourdement","sourdement","ADV","6.55"
"contrebas","contrebas","ADV","6.49"
"follement","follement","ADV","6.42"
"mentalement","mentalement","ADV","6.42"
"méchamment","méchamment","ADV","6.42"
"inconsciemment","inconsciemment","ADV","6.28"
"sauvagement","sauvagement","ADV","6.28"
"brièvement","brièvement","ADV","6.22"
"convenablement","convenablement","ADV","6.22"
"solennellement","solennellement","ADV","6.15"
"avidement","avidement","ADV","6.08"
"principalement","principalement","ADV","6.08"
"sévèrement","sévèrement","ADV","6.08"
"intérieurement","intérieurement","ADV","6.01"
"naïvement","naïvement","ADV","6.01"
"salement","salement","ADV","6.01"
"alternativement","alternativement","ADV","5.88"
"aux aguets","aux aguets","ADV","5.88"
"dangereusement","dangereusement","ADV","5.88"
"finement","finement","ADV","5.88"
"véritablement","véritablement","ADV","5.88"
"aucunement","aucunement","ADV","5.81"
"grand","grand","ADV","5.81"
"simultanément","simultanément","ADV","5.81"
"éventuellement","éventuellement","ADV","5.81"
"vraisemblablement","vraisemblablement","ADV","5.68"
"éperdument","éperdument","ADV","5.68"
"affreusement","affreusement","ADV","5.61"
"rageusement","rageusement","ADV","5.61"
"ben","ben","ADV","5.54"
"docilement","docilement","ADV","5.54"
"douloureusement","douloureusement","ADV","5.54"
"hâtivement","hâtivement","ADV","5.54"
"soudainement","soudainement","ADV","5.54"
"délibérément","délibérément","ADV","5.47"
"correctement","correctement","ADV","5.41"
"grossièrement","grossièrement","ADV","5.41"
"joliment","joliment","ADV","5.41"
"interminablement","interminablement","ADV","5.34"
"résolument","résolument","ADV","5.34"
"délicieusement","délicieusement","ADV","5.27"
"amèrement","amèrement","ADV","5.2"
"ardemment","ardemment","ADV","5.2"
"habilement","habilement","ADV","5.2"
"momentanément","momentanément","ADV","5.2"
"pensivement","pensivement","ADV","5.2"
"fatalement","fatalement","ADV","5.07"
"furtivement","furtivement","ADV","5.07"
"stupidement","stupidement","ADV","5.07"
"abondamment","abondamment","ADV","4.93"
"pesamment","pesamment","ADV","4.93"
"au-dedans","au-dedans","ADV","4.86"
"consciencieusement","consciencieusement","ADV","4.86"
"grand-peine","grand-peine","ADV","4.86"
"invariablement","invariablement","ADV","4.86"
"continuellement","continuellement","ADV","4.8"
"quotidiennement","quotidiennement","ADV","4.8"
"savamment","savamment","ADV","4.8"
"sournoisement","sournoisement","ADV","4.8"
"admirablement","admirablement","ADV","4.73"
"hautement","hautement","ADV","4.73"
"honnêtement","honnêtement","ADV","4.73"
"minutieusement","minutieusement","ADV","4.73"
"rigoureusement","rigoureusement","ADV","4.73"
"bonnement","bonnement","ADV","4.66"
"inutilement","inutilement","ADV","4.66"
"irrésistiblement","irrésistiblement","ADV","4.66"
"ostensiblement","ostensiblement","ADV","4.66"
"perpétuellement","perpétuellement","ADV","4.66"
"mutuellement","mutuellement","ADV","4.59"
"fidèlement","fidèlement","ADV","4.53"
"formellement","formellement","ADV","4.53"
"fébrilement","fébrilement","ADV","4.53"
"généreusement","généreusement","ADV","4.53"
"horriblement","horriblement","ADV","4.53"
"incroyablement","incroyablement","ADV","4.53"
"miraculeusement","miraculeusement","ADV","4.53"
"à l'improviste","à l'improviste","ADV","4.53"
"considérablement","considérablement","ADV","4.39"
"modestement","modestement","ADV","4.39"
"dûment","dûment","ADV","4.32"
"là-dessous","là-dessous","ADV","4.32"
"conformément","conformément","ADV","4.26"
"doublement","doublement","ADV","4.26"
"intimement","intimement","ADV","4.26"
"méthodiquement","méthodiquement","ADV","4.26"
"respectivement","respectivement","ADV","4.26"
"califourchon","califourchon","ADV","4.19"
"différemment","différemment","ADV","4.19"
"démesurément","démesurément","ADV","4.19"
"exceptionnellement","exceptionnellement","ADV","4.19"
"irrémédiablement","irrémédiablement","ADV","4.19"
"systématiquement","systématiquement","ADV","4.19"
"amicalement","amicalement","ADV","4.12"
"lerche","lerche","ADV","4.12"
"farouchement","farouchement","ADV","4.05"
"outre-mer","outre-mer","ADV","4.05"
"prestement","prestement","ADV","4.05"
"uniformément","uniformément","ADV","4.05"
"étonnamment","étonnamment","ADV","3.99"
"inexorablement","inexorablement","ADV","3.92"
"vigoureusement","vigoureusement","ADV","3.92"
"a jeun","à jeun","ADV","3.85"
"a priori","a priori","ADV","3.85"
"aimablement","aimablement","ADV","3.85"
"alias","alias","ADV","3.85"
"automatiquement","automatiquement","ADV","3.85"
"respectueusement","respectueusement","ADV","3.85"
"à jeun","à jeun","ADV","3.85"
"à priori","a priori","ADV","3.85"
"bravement","bravement","ADV","3.78"
"paradoxalement","paradoxalement","ADV","3.78"
"présentement","présentement","ADV","3.78"
"puissamment","puissamment","ADV","3.78"
"séparément","séparément","ADV","3.78"
"absurdement","absurdement","ADV","3.72"
"pareillement","pareillement","ADV","3.72"
"passablement","passablement","ADV","3.72"
"précautionneusement","précautionneusement","ADV","3.72"
"à tue-tête","à_tue-tête","ADV","3.72"
"agréablement","agréablement","ADV","3.65"
"ci","ci","ADV","3.65"
"humblement","humblement","ADV","3.65"
"mécaniquement","mécaniquement","ADV","3.65"
"prodigieusement","prodigieusement","ADV","3.65"
"radicalement","radicalement","ADV","3.65"
"sus","sus","ADV","3.65"
"énergiquement","énergiquement","ADV","3.65"
"incessamment","incessamment","ADV","3.58"
"sensiblement","sensiblement","ADV","3.58"
"activement","activement","ADV","3.51"
"dignement","dignement","ADV","3.51"
"inévitablement","inévitablement","ADV","3.51"
"courageusement","courageusement","ADV","3.45"
"gauchement","gauchement","ADV","3.45"
"indifféremment","indifféremment","ADV","3.45"
"indépendamment","indépendamment","ADV","3.45"
"parallèlement","parallèlement","ADV","3.45"
"réciproquement","réciproquement","ADV","3.45"
"rêveusement","rêveusement","ADV","3.45"
"affectueusement","affectueusement","ADV","3.38"
"exagérément","exagérément","ADV","3.38"
"triomphalement","triomphalement","ADV","3.38"
"aveuglément","aveuglément","ADV","3.31"
"verticalement","verticalement","ADV","3.31"
"confortablement","confortablement","ADV","3.24"
"derechef","derechef","ADV","3.24"
"fissa","fissa","ADV","3.24"
"immanquablement","immanquablement","ADV","3.24"
"impunément","impunément","ADV","3.24"
"intégralement","intégralement","ADV","3.24"
"logiquement","logiquement","ADV","3.24"
"traditionnellement","traditionnellement","ADV","3.24"
"atrocement","atrocement","ADV","3.18"
"complaisamment","complaisamment","ADV","3.18"
"inexplicablement","inexplicablement","ADV","3.18"
"innocemment","innocemment","ADV","3.18"
"involontairement","involontairement","ADV","3.18"
"mortellement","mortellement","ADV","3.18"
"moult","moult","ADV","3.18"
"périodiquement","périodiquement","ADV","3.18"
"couramment","couramment","ADV","3.11"
"excessivement","excessivement","ADV","3.11"
"gratis","gratis","ADV","3.11"
"pieusement","pieusement","ADV","3.11"
"positivement","positivement","ADV","3.11"
"voluptueusement","voluptueusement","ADV","3.11"
"âprement","âprement","ADV","3.11"
"matériellement","matériellement","ADV","3.04"
"obligatoirement","obligatoirement","ADV","3.04"
"religieusement","religieusement","ADV","3.04"
"scrupuleusement","scrupuleusement","ADV","3.04"
"deçà","deçà","ADV","2.97"
"frénétiquement","frénétiquement","ADV","2.97"
"férocement","férocement","ADV","2.97"
"ici-bas","ici-bas","ADV","2.97"
"lâchement","lâchement","ADV","2.97"
"paresseusement","paresseusement","ADV","2.97"
"partiellement","partiellement","ADV","2.97"
"gratuitement","gratuitement","ADV","2.91"
"par mégarde","par mégarde","ADV","2.91"
"rebours","rebours","ADV","2.91"
"clandestinement","clandestinement","ADV","2.84"
"grandement","grandement","ADV","2.84"
"allégrement","allégrement","ADV","2.77"
"ironiquement","ironiquement","ADV","2.77"
"magnifiquement","magnifiquement","ADV","2.77"
"politiquement","politiquement","ADV","2.77"
"prochainement","prochainement","ADV","2.77"
"faux","faux","ADV","2.7"
"fiévreusement","fiévreusement","ADV","2.7"
"franco","franco","ADV","2.7"
"goulûment","goulûment","ADV","2.7"
"gracieusement","gracieusement","ADV","2.7"
"noblement","noblement","ADV","2.7"
"nonchalamment","nonchalamment","ADV","2.7"
"ordinairement","ordinairement","ADV","2.7"
"pareil","pareil","ADV","2.7"
"promptement","promptement","ADV","2.7"
"théoriquement","théoriquement","ADV","2.7"
"chaudement","chaudement","ADV","2.64"
"de guingois","de guingois","ADV","2.64"
"idem","idem","ADV","2.64"
"impeccablement","impeccablement","ADV","2.64"
"in extremis","in extremis","ADV","2.64"
"inversement","inversement","ADV","2.64"
"subrepticement","subrepticement","ADV","2.64"
"superbement","superbement","ADV","2.64"
"vaillamment","vaillamment","ADV","2.64"
"copieusement","copieusement","ADV","2.57"
"décemment","décemment","ADV","2.57"
"fugitivement","fugitivement","ADV","2.57"
"indirectement","indirectement","ADV","2.57"
"méticuleusement","méticuleusement","ADV","2.57"
"ridiculement","ridiculement","ADV","2.57"
"amoureusement","amoureusement","ADV","2.5"
"communément","communément","ADV","2.5"
"impatiemment","impatiemment","ADV","2.5"
"jalousement","jalousement","ADV","2.5"
"honteusement","honteusement","ADV","2.43"
"médiocrement","médiocrement","ADV","2.43"
"anxieusement","anxieusement","ADV","2.36"
"consciemment","consciemment","ADV","2.36"
"incognito","incognito","ADV","2.36"
"modérément","modérément","ADV","2.36"
"raisonnablement","raisonnablement","ADV","2.36"
"brillamment","brillamment","ADV","2.3"
"immensément","immensément","ADV","2.3"
"mollo","mollo","ADV","2.3"
"sottement","sottement","ADV","2.3"
"subtilement","subtilement","ADV","2.3"
"efficacement","efficacement","ADV","2.23"
"injustement","injustement","ADV","2.23"
"obliquement","obliquement","ADV","2.23"
"insidieusement","insidieusement","ADV","2.16"
"misérablement","misérablement","ADV","2.16"
"primo","primo","ADV","2.16"
"précédemment","précédemment","ADV","2.16"
"sacrément","sacrément","ADV","2.16"
"sommairement","sommairement","ADV","2.16"
"à l'aveuglette","à l'aveuglette","ADV","2.16"
"familièrement","familièrement","ADV","2.09"
"foncièrement","foncièrement","ADV","2.09"
"incontestablement","incontestablement","ADV","2.09"
"souverainement","souverainement","ADV","2.09"
"abruptement","abruptement","ADV","2.03"
"allègrement","allègrement","ADV","2.03"
"doux","doux","ADV","2.03"
"insolemment","insolemment","ADV","2.03"
"légalement","légalement","ADV","2.03"
"nib","nib","ADV","2.03"
"plaisamment","plaisamment","ADV","2.03"
"préalablement","préalablement","ADV","2.03"
"prématurément","prématurément","ADV","2.03"
"pudiquement","pudiquement","ADV","2.03"
"sombrement","sombrement","ADV","2.03"
"ultérieurement","ultérieurement","ADV","2.03"
"adroitement","adroitement","ADV","1.96"
"approximativement","approximativement","ADV","1.96"
"assidûment","assidûment","ADV","1.96"
"courtoisement","courtoisement","ADV","1.96"
"frileusement","frileusement","ADV","1.96"
"horizontalement","horizontalement","ADV","1.96"
"indiscutablement","indiscutablement","ADV","1.96"
"tragiquement","tragiquement","ADV","1.96"
"typiquement","typiquement","ADV","1.96"
"chaleureusement","chaleureusement","ADV","1.89"
"crûment","crûment","ADV","1.89"
"grosso modo","grosso modo","ADV","1.89"
"pauvrement","pauvrement","ADV","1.89"
"rapidos","rapidos","ADV","1.89"
"remarquablement","remarquablement","ADV","1.89"
"élégamment","élégamment","ADV","1.89"
"amplement","amplement","ADV","1.82"
"cordialement","cordialement","ADV","1.82"
"glorieusement","glorieusement","ADV","1.82"
"impitoyablement","impitoyablement","ADV","1.82"
"infailliblement","infailliblement","ADV","1.82"
"itou","itou","ADV","1.82"
"lamentablement","lamentablement","ADV","1.82"
"mélancoliquement","mélancoliquement","ADV","1.82"
"objectivement","objectivement","ADV","1.82"
"royalement","royalement","ADV","1.82"
"victorieusement","victorieusement","ADV","1.82"
"cérémonieusement","cérémonieusement","ADV","1.76"
"irrégulièrement","irrégulièrement","ADV","1.76"
"premièrement","premièrement","ADV","1.76"
"précieusement","précieusement","ADV","1.76"
"prétendument","prétendument","ADV","1.76"
"richement","richement","ADV","1.76"
"rituellement","rituellement","ADV","1.76"
"catégoriquement","catégoriquement","ADV","1.69"
"hypocritement","hypocritement","ADV","1.69"
"impérieusement","impérieusement","ADV","1.69"
"monstrueusement","monstrueusement","ADV","1.69"
"auprès","auprès","ADV","1.62"
"fin","fin","ADV","1.62"
"fraternellement","fraternellement","ADV","1.62"
"hardiment","hardiment","ADV","1.62"
"laborieusement","laborieusement","ADV","1.62"
"nouvellement","nouvellement","ADV","1.62"
"tacitement","tacitement","ADV","1.62"
"bougrement","bougrement","ADV","1.55"
"dare dare","dare-dare","ADV","1.55"
"dare-dare","dare-dare","ADV","1.55"
"explicitement","explicitement","ADV","1.55"
"expressément","expressément","ADV","1.55"
"favorablement","favorablement","ADV","1.55"
"grièvement","grièvement","ADV","1.55"
"hermétiquement","hermétiquement","ADV","1.55"
"honorablement","honorablement","ADV","1.55"
"indistinctement","indistinctement","ADV","1.55"
"mais","mais","ADV","1.55"
"souplement","souplement","ADV","1.55"
"bigrement","bigrement","ADV","1.49"
"initialement","initialement","ADV","1.49"
"intelligemment","intelligemment","ADV","1.49"
"perpète","perpète","ADV","1.49"
"pertinemment","pertinemment","ADV","1.49"
"sciemment","sciemment","ADV","1.49"
"utilement","utilement","ADV","1.49"
"éminemment","éminemment","ADV","1.49"
"aigrement","aigrement","ADV","1.42"
"arrière","arrière","ADV","1.42"
"artificiellement","artificiellement","ADV","1.42"
"avantageusement","avantageusement","ADV","1.42"
"béatement","béatement","ADV","1.42"
"chichement","chichement","ADV","1.42"
"en catimini","en catimini","ADV","1.42"
"formidablement","formidablement","ADV","1.42"
"hargneusement","hargneusement","ADV","1.42"
"inopinément","inopinément","ADV","1.42"
"loyalement","loyalement","ADV","1.42"
"piteusement","piteusement","ADV","1.42"
"comiquement","comiquement","ADV","1.35"
"commodément","commodément","ADV","1.35"
"conjointement","conjointement","ADV","1.35"
"convulsivement","convulsivement","ADV","1.35"
"dernièrement","dernièrement","ADV","1.35"
"effroyablement","effroyablement","ADV","1.35"
"instamment","instamment","ADV","1.35"
"magiquement","magiquement","ADV","1.35"
"orgueilleusement","orgueilleusement","ADV","1.35"
"outrageusement","outrageusement","ADV","1.35"
"placidement","placidement","ADV","1.35"
"sic","sic","ADV","1.35"
"tardivement","tardivement","ADV","1.35"
"unanimement","unanimement","ADV","1.35"
"à cloche-pied","à_cloche-pied","ADV","1.35"
"équitablement","équitablement","ADV","1.35"
"ci-dessus","ci-dessus","ADV","1.28"
"connement","connement","ADV","1.28"
"d'ores et déjà","d'ores et déjà","ADV","1.28"
"de traviole","de traviole","ADV","1.28"
"divinement","divinement","ADV","1.28"
"désagréablement","désagréablement","ADV","1.28"
"harmonieusement","harmonieusement","ADV","1.28"
"imprudemment","imprudemment","ADV","1.28"
"incidemment","incidemment","ADV","1.28"
"isolément","isolément","ADV","1.28"
"rondement","rondement","ADV","1.28"
"sinistrement","sinistrement","ADV","1.28"
"sobrement","sobrement","ADV","1.28"
"banalement","banalement","ADV","1.22"
"dru","dru","ADV","1.22"
"galamment","galamment","ADV","1.22"
"idéalement","idéalement","ADV","1.22"
"in petto","in petto","ADV","1.22"
"invinciblement","invinciblement","ADV","1.22"
"légitimement","légitimement","ADV","1.22"
"majestueusement","majestueusement","ADV","1.22"
"ok","ok","ADV","1.22"
"presto","presto","ADV","1.22"
"sentencieusement","sentencieusement","ADV","1.22"
"solitairement","solitairement","ADV","1.22"
"spécifiquement","spécifiquement","ADV","1.22"
"vulgairement","vulgairement","ADV","1.22"
"à brûle-pourpoint","à_brûle-pourpoint","ADV","1.22"
"abusivement","abusivement","ADV","1.15"
"anormalement","anormalement","ADV","1.15"
"concrètement","concrètement","ADV","1.15"
"craintivement","craintivement","ADV","1.15"
"crânement","crânement","ADV","1.15"
"dédaigneusement","dédaigneusement","ADV","1.15"
"fondamentalement","fondamentalement","ADV","1.15"
"implicitement","implicitement","ADV","1.15"
"jusques","jusques","ADV","1.15"
"militairement","militairement","ADV","1.15"
"perpendiculairement","perpendiculairement","ADV","1.15"
"petitement","petitement","ADV","1.15"
"pompeusement","pompeusement","ADV","1.15"
"précocement","précocement","ADV","1.15"
"subito","subito","ADV","1.15"
"vertigineusement","vertigineusement","ADV","1.15"
"virtuellement","virtuellement","ADV","1.15"
"cahin-caha","cahin-caha","ADV","1.08"
"incomparablement","incomparablement","ADV","1.08"
"latéralement","latéralement","ADV","1.08"
"loco","loco","ADV","1.08"
"négativement","négativement","ADV","1.08"
"passivement","passivement","ADV","1.08"
"platement","platement","ADV","1.08"
"recta","recta","ADV","1.08"
"rétrospectivement","rétrospectivement","ADV","1.08"
"scientifiquement","scientifiquement","ADV","1.08"
"textuellement","textuellement","ADV","1.08"
"vertement","vertement","ADV","1.08"
"évasivement","évasivement","ADV","1.08"
"agressivement","agressivement","ADV","1.01"
"anciennement","anciennement","ADV","1.01"
"antérieurement","antérieurement","ADV","1.01"
"diablement","diablement","ADV","1.01"
"imperturbablement","imperturbablement","ADV","1.01"
"inégalement","inégalement","ADV","1.01"
"inéluctablement","inéluctablement","ADV","1.01"
"massivement","massivement","ADV","1.01"
"ponctuellement","ponctuellement","ADV","1.01"
"supérieurement","supérieurement","ADV","1.01"
"traîtreusement","traîtreusement","ADV","1.01"
"épisodiquement","épisodiquement","ADV","1.01"
"afin","afin","ADV","0.95"
"arbitrairement","arbitrairement","ADV","0.95"
"gaillardement","gaillardement","ADV","0.95"
"grotesquement","grotesquement","ADV","0.95"
"humainement","humainement","ADV","0.95"
"hyper","hyper","ADV","0.95"
"individuellement","individuellement","ADV","0.95"
"ingénument","ingénument","ADV","0.95"
"malaisément","malaisément","ADV","0.95"
"parce","parce","ADV","0.95"
"socialement","socialement","ADV","0.95"
"somptueusement","somptueusement","ADV","0.95"
"symétriquement","symétriquement","ADV","0.95"
"temporairement","temporairement","ADV","0.95"
"à croupetons","à croupetons","ADV","0.95"
"économiquement","économiquement","ADV","0.95"
"épouvantablement","épouvantablement","ADV","0.95"
"étourdiment","étourdiment","ADV","0.95"
"a fortiori","a fortiori","ADV","0.88"
"accessoirement","accessoirement","ADV","0.88"
"beuh","beuh","ADV","0.88"
"chèrement","chèrement","ADV","0.88"
"continûment","continûment","ADV","0.88"
"deuxièmement","deuxièmement","ADV","0.88"
"et caetera","et caetera","ADV","0.88"
"fâcheusement","fâcheusement","ADV","0.88"
"gros","gros","ADV","0.88"
"ignoblement","ignoblement","ADV","0.88"
"journellement","journellement","ADV","0.88"
"localement","localement","ADV","0.88"
"made in","made in","ADV","0.88"
"malencontreusement","malencontreusement","ADV","0.88"
"parcimonieusement","parcimonieusement","ADV","0.88"
"peureusement","peureusement","ADV","0.88"
"please","please","ADV","0.88"
"sec","sec","ADV","0.88"
"secundo","secundo","ADV","0.88"
"sexuellement","sexuellement","ADV","0.88"
"spasmodiquement","spasmodiquement","ADV","0.88"
"symboliquement","symboliquement","ADV","0.88"
"accidentellement","accidentellement","ADV","0.81"
"anti","anti","ADV","0.81"
"artistement","artistement","ADV","0.81"
"benoîtement","benoîtement","ADV","0.81"
"extérieurement","extérieurement","ADV","0.81"
"graduellement","graduellement","ADV","0.81"
"grassement","grassement","ADV","0.81"
"imparfaitement","imparfaitement","ADV","0.81"
"indûment","indûment","ADV","0.81"
"inextricablement","inextricablement","ADV","0.81"
"intellectuellement","intellectuellement","ADV","0.81"
"intentionnellement","intentionnellement","ADV","0.81"
"lugubrement","lugubrement","ADV","0.81"
"luxueusement","luxueusement","ADV","0.81"
"malicieusement","malicieusement","ADV","0.81"
"moderato","moderato","ADV","0.81"
"plaintivement","plaintivement","ADV","0.81"
"plein","plein","ADV","0.81"
"semblablement","semblablement","ADV","0.81"
"spirituellement","spirituellement","ADV","0.81"
"suprêmement","suprêmement","ADV","0.81"
"tertio","tertio","ADV","0.81"
"tranquillos","tranquillos","ADV","0.81"
"voracement","voracement","ADV","0.81"
"à rebrousse-poil","à_rebrousse-poil","ADV","0.81"
"affirmativement","affirmativement","ADV","0.74"
"capricieusement","capricieusement","ADV","0.74"
"civilement","civilement","ADV","0.74"
"collectivement","collectivement","ADV","0.74"
"cyniquement","cyniquement","ADV","0.74"
"diamétralement","diamétralement","ADV","0.74"
"diversement","diversement","ADV","0.74"
"dolce","dolce","ADV","0.74"
"durablement","durablement","ADV","0.74"
"effrontément","effrontément","ADV","0.74"
"et cetera","et cetera","ADV","0.74"
"etc.","etc.","ADV","0.74"
"fabuleusement","fabuleusement","ADV","0.74"
"héroïquement","héroïquement","ADV","0.74"
"immuablement","immuablement","ADV","0.74"
"indéniablement","indéniablement","ADV","0.74"
"intuitivement","intuitivement","ADV","0.74"
"inépuisablement","inépuisablement","ADV","0.74"
"long","long","ADV","0.74"
"macache","macache","ADV","0.74"
"notablement","notablement","ADV","0.74"
"oralement","oralement","ADV","0.74"
"organiquement","organiquement","ADV","0.74"
"passagèrement","passagèrement","ADV","0.74"
"professionnellement","professionnellement","ADV","0.74"
"sereinement","sereinement","ADV","0.74"
"volubilement","volubilement","ADV","0.74"
"abominablement","abominablement","ADV","0.68"
"en tapinois","en tapinois","ADV","0.68"
"gratos","gratos","ADV","0.68"
"haineusement","haineusement","ADV","0.68"
"impérativement","impérativement","ADV","0.68"
"insuffisamment","insuffisamment","ADV","0.68"
"lestement","lestement","ADV","0.68"
"lucidement","lucidement","ADV","0.68"
"malignement","malignement","ADV","0.68"
"mauvais","mauvais","ADV","0.68"
"muettement","muettement","ADV","0.68"
"musico","musico","ADV","0.68"
"niaisement","niaisement","ADV","0.68"
"obligeamment","obligeamment","ADV","0.68"
"opportunément","opportunément","ADV","0.68"
"out","out","ADV","0.68"
"outre-atlantique","outre-atlantique","ADV","0.68"
"peu ou prou","peu ou prou","ADV","0.68"
"philosophiquement","philosophiquement","ADV","0.68"
"quand","quand","ADV","0.68"
"sacro","sacro","ADV","0.68"
"vade retro","vade retro","ADV","0.68"
"artistiquement","artistiquement","ADV","0.61"
"bis","bis","ADV","0.61"
"cash","cash","ADV","0.61"
"charnellement","charnellement","ADV","0.61"
"ci-après","ci-après","ADV","0.61"
"ci-dessous","ci-dessous","ADV","0.61"
"crescendo","crescendo","ADV","0.61"
"foutrement","foutrement","ADV","0.61"
"globalement","globalement","ADV","0.61"
"idiotement","idiotement","ADV","0.61"
"indubitablement","indubitablement","ADV","0.61"
"infatigablement","infatigablement","ADV","0.61"
"ipso facto","ipso facto","ADV","0.61"
"judicieusement","judicieusement","ADV","0.61"
"laconiquement","laconiquement","ADV","0.61"
"multi","multi","ADV","0.61"
"médicalement","médicalement","ADV","0.61"
"notoirement","notoirement","ADV","0.61"
"néo","néo","ADV","0.61"
"odieusement","odieusement","ADV","0.61"
"perfidement","perfidement","ADV","0.61"
"providentiellement","providentiellement","ADV","0.61"
"péremptoirement","péremptoirement","ADV","0.61"
"ric et rac","ric et rac","ADV","0.61"
"réglementairement","réglementairement","ADV","0.61"
"schématiquement","schématiquement","ADV","0.61"
"suavement","suavement","ADV","0.61"
"techniquement","techniquement","ADV","0.61"
"texto","texto","ADV","0.61"
"virilement","virilement","ADV","0.61"
"à l'envi","à l'envi","ADV","0.61"
"épaissement","épaissement","ADV","0.61"
"authentiquement","authentiquement","ADV","0.54"
"balto","balto","ADV","0.54"
"bassement","bassement","ADV","0.54"
"bellement","bellement","ADV","0.54"
"bourgeoisement","bourgeoisement","ADV","0.54"
"bénévolement","bénévolement","ADV","0.54"
"chastement","chastement","ADV","0.54"
"de visu","de visu","ADV","0.54"
"doctement","doctement","ADV","0.54"
"douillettement","douillettement","ADV","0.54"
"dur","dur","ADV","0.54"
"dérisoirement","dérisoirement","ADV","0.54"
"florès","florès","ADV","0.54"
"fugacement","fugacement","ADV","0.54"
"gloutonnement","gloutonnement","ADV","0.54"
"hispano","hispano","ADV","0.54"
"identiquement","identiquement","ADV","0.54"
"in extenso","in extenso","ADV","0.54"
"indignement","indignement","ADV","0.54"
"indissolublement","indissolublement","ADV","0.54"
"indo","indo","ADV","0.54"
"indolemment","indolemment","ADV","0.54"
"jovialement","jovialement","ADV","0.54"
"magistralement","magistralement","ADV","0.54"
"maternellement","maternellement","ADV","0.54"
"mordicus","mordicus","ADV","0.54"
"moyennement","moyennement","ADV","0.54"
"nonobstant","nonobstant","ADV","0.54"
"officieusement","officieusement","ADV","0.54"
"paternellement","paternellement","ADV","0.54"
"primitivement","primitivement","ADV","0.54"
"pâlement","pâlement","ADV","0.54"
"sensuellement","sensuellement","ADV","0.54"
"sentimentalement","sentimentalement","ADV","0.54"
"sporadiquement","sporadiquement","ADV","0.54"
"stratégiquement","stratégiquement","ADV","0.54"
"troisièmement","troisièmement","ADV","0.54"
"verbalement","verbalement","ADV","0.54"
"allegro","allegro","ADV","0.47"
"arrogamment","arrogamment","ADV","0.47"
"audacieusement","audacieusement","ADV","0.47"
"bric et de broc","bric et de broc","ADV","0.47"
"candidement","candidement","ADV","0.47"
"charitablement","charitablement","ADV","0.47"
"dévotement","dévotement","ADV","0.47"
"en loucedé","en loucedé","ADV","0.47"
"fichtrement","fichtrement","ADV","0.47"
"financièrement","financièrement","ADV","0.47"
"fortissimo","fortissimo","ADV","0.47"
"fougueusement","fougueusement","ADV","0.47"
"gaîment","gaîment","ADV","0.47"
"gras","gras","ADV","0.47"
"géographiquement","géographiquement","ADV","0.47"
"historiquement","historiquement","ADV","0.47"
"ignominieusement","ignominieusement","ADV","0.47"
"incompréhensiblement","incompréhensiblement","ADV","0.47"
"indiciblement","indiciblement","ADV","0.47"
"indiscrètement","indiscrètement","ADV","0.47"
"irrévocablement","irrévocablement","ADV","0.47"
"laidement","laidement","ADV","0.47"
"langoureusement","langoureusement","ADV","0.47"
"libéralement","libéralement","ADV","0.47"
"lointainement","lointainement","ADV","0.47"
"nommément","nommément","ADV","0.47"
"nuitamment","nuitamment","ADV","0.47"
"pitoyablement","pitoyablement","ADV","0.47"
"poétiquement","poétiquement","ADV","0.47"
"prosaïquement","prosaïquement","ADV","0.47"
"précairement","précairement","ADV","0.47"
"ric-rac","ric-rac","ADV","0.47"
"sainement","sainement","ADV","0.47"
"servilement","servilement","ADV","0.47"
"sine qua non","sine qua non","ADV","0.47"
"théâtralement","théâtralement","ADV","0.47"
"uniment","uniment","ADV","0.47"
"vilainement","vilainement","ADV","0.47"
"électriquement","électriquement","ADV","0.47"
"énigmatiquement","énigmatiquement","ADV","0.47"
"épais","épais","ADV","0.47"
"astucieusement","astucieusement","ADV","0.41"
"censément","censément","ADV","0.41"
"concurremment","concurremment","ADV","0.41"
"confidentiellement","confidentiellement","ADV","0.41"
"conséquemment","conséquemment","ADV","0.41"
"coquettement","coquettement","ADV","0.41"
"croa croa","croa-croa","ADV","0.41"
"croa-croa","croa-croa","ADV","0.41"
"directo","directo","ADV","0.41"
"directos","directos","ADV","0.41"
"donnant-donnant","donnant-donnant","ADV","0.41"
"doucettement","doucettement","ADV","0.41"
"dramatiquement","dramatiquement","ADV","0.41"
"déplorablement","déplorablement","ADV","0.41"
"enfantinement","enfantinement","ADV","0.41"
"géométriquement","géométriquement","ADV","0.41"
"hic et nunc","hic et nunc","ADV","0.41"
"impétueusement","impétueusement","ADV","0.41"
"inconsidérément","inconsidérément","ADV","0.41"
"incurablement","incurablement","ADV","0.41"
"indéfectiblement","indéfectiblement","ADV","0.41"
"ingénieusement","ingénieusement","ADV","0.41"
"insupportablement","insupportablement","ADV","0.41"
"invisiblement","invisiblement","ADV","0.41"
"jà","jà","ADV","0.41"
"monotonement","monotonement","ADV","0.41"
"nada","nada","ADV","0.41"
"obsessionnellement","obsessionnellement","ADV","0.41"
"passé","passé","ADV","0.41"
"pathétiquement","pathétiquement","ADV","0.41"
"post","post","ADV","0.41"
"primordialement","primordialement","ADV","0.41"
"rationnellement","rationnellement","ADV","0.41"
"redoutablement","redoutablement","ADV","0.41"
"scandaleusement","scandaleusement","ADV","0.41"
"succinctement","succinctement","ADV","0.41"
"superficiellement","superficiellement","ADV","0.41"
"tutti frutti","tutti frutti","ADV","0.41"
"unilatéralement","unilatéralement","ADV","0.41"
"universellement","universellement","ADV","0.41"
"égoïstement","égoïstement","ADV","0.41"
"abstraitement","abstraitement","ADV","0.34"
"biologiquement","biologiquement","ADV","0.34"
"cavalièrement","cavalièrement","ADV","0.34"
"chimiquement","chimiquement","ADV","0.34"
"ci-gît","ci-gît","ADV","0.34"
"corrélativement","corrélativement","ADV","0.34"
"céans","céans","ADV","0.34"
"diaboliquement","diaboliquement","ADV","0.34"
"dito","dito","ADV","0.34"
"démonstrativement","démonstrativement","ADV","0.34"
"déterminément","déterminément","ADV","0.34"
"ergo","ergo","ADV","0.34"
"facétieusement","facétieusement","ADV","0.34"
"fanatiquement","fanatiquement","ADV","0.34"
"fantastiquement","fantastiquement","ADV","0.34"
"fastueusement","fastueusement","ADV","0.34"
"fortuitement","fortuitement","ADV","0.34"
"hideusement","hideusement","ADV","0.34"
"impartialement","impartialement","ADV","0.34"
"impulsivement","impulsivement","ADV","0.34"
"inconfortablement","inconfortablement","ADV","0.34"
"inhumainement","inhumainement","ADV","0.34"
"insatiablement","insatiablement","ADV","0.34"
"irréversiblement","irréversiblement","ADV","0.34"
"languissamment","languissamment","ADV","0.34"
"mathématiquement","mathématiquement","ADV","0.34"
"méditativement","méditativement","ADV","0.34"
"mêmement","mêmement","ADV","0.34"
"mûrement","mûrement","ADV","0.34"
"nenni","nenni","ADV","0.34"
"originellement","originellement","ADV","0.34"
"proportionnellement","proportionnellement","ADV","0.34"
"préventivement","préventivement","ADV","0.34"
"psychologiquement","psychologiquement","ADV","0.34"
"rasibus","rasibus","ADV","0.34"
"roidement","roidement","ADV","0.34"
"sine die","sine die","ADV","0.34"
"spectaculairement","spectaculairement","ADV","0.34"
"superstitieusement","superstitieusement","ADV","0.34"
"supra","supra","ADV","0.34"
"véhémentement","véhémentement","ADV","0.34"
"éloquemment","éloquemment","ADV","0.34"
"a contrario","a contrario","ADV","0.27"
"a giorno","a giorno","ADV","0.27"
"ab ovo","ab ovo","ADV","0.27"
"ad patres","ad patres","ADV","0.27"
"adorablement","adorablement","ADV","0.27"
"ahi","ahi","ADV","0.27"
"alertement","alertement","ADV","0.27"
"allegretto","allegretto","ADV","0.27"
"animalement","animalement","ADV","0.27"
"bienheureusement","bienheureusement","ADV","0.27"
"chouïa","chouïa","ADV","0.27"
"chronologiquement","chronologiquement","ADV","0.27"
"commercialement","commercialement","ADV","0.27"
"diligemment","diligemment","ADV","0.27"
"démocratiquement","démocratiquement","ADV","0.27"
"encor","encor","ADV","0.27"
"féeriquement","féeriquement","ADV","0.27"
"honoris causa","honoris causa","ADV","0.27"
"hystériquement","hystériquement","ADV","0.27"
"idéologiquement","idéologiquement","ADV","0.27"
"imbécilement","imbécilement","ADV","0.27"
"impudemment","impudemment","ADV","0.27"
"inclusivement","inclusivement","ADV","0.27"
"indécemment","indécemment","ADV","0.27"
"infra","infra","ADV","0.27"
"intarissablement","intarissablement","ADV","0.27"
"jeunement","jeunement","ADV","0.27"
"juridiquement","juridiquement","ADV","0.27"
"lascivement","lascivement","ADV","0.27"
"lumineusement","lumineusement","ADV","0.27"
"maigrement","maigrement","ADV","0.27"
"malhonnêtement","malhonnêtement","ADV","0.27"
"maniaquement","maniaquement","ADV","0.27"
"maussadement","maussadement","ADV","0.27"
"mauvaisement","mauvaisement","ADV","0.27"
"moelleusement","moelleusement","ADV","0.27"
"molto","molto","ADV","0.27"
"moqueusement","moqueusement","ADV","0.27"
"musicalement","musicalement","ADV","0.27"
"narquoisement","narquoisement","ADV","0.27"
"obscènement","obscènement","ADV","0.27"
"occasionnellement","occasionnellement","ADV","0.27"
"omni","omni","ADV","0.27"
"opiniâtrement","opiniâtrement","ADV","0.27"
"ortho","ortho","ADV","0.27"
"outre-rhin","outre-rhin","ADV","0.27"
"pacifiquement","pacifiquement","ADV","0.27"
"parce que","parce que","ADV","0.27"
"physiologiquement","physiologiquement","ADV","0.27"
"platoniquement","platoniquement","ADV","0.27"
"politico","politico","ADV","0.27"
"postérieurement","postérieurement","ADV","0.27"
"psycho","psycho","ADV","0.27"
"romantiquement","romantiquement","ADV","0.27"
"révérencieusement","révérencieusement","ADV","0.27"
"secondairement","secondairement","ADV","0.27"
"sinon","sinon","ADV","0.27"
"souterrainement","souterrainement","ADV","0.27"
"souventes fois","souventes fois","ADV","0.27"
"stoïquement","stoïquement","ADV","0.27"
"studieusement","studieusement","ADV","0.27"
"substantiellement","substantiellement","ADV","0.27"
"trompeusement","trompeusement","ADV","0.27"
"témérairement","témérairement","ADV","0.27"
"urbi et orbi","urbi et orbi","ADV","0.27"
"valablement","valablement","ADV","0.27"
"vertueusement","vertueusement","ADV","0.27"
"vice-versa","vice-versa","ADV","0.27"
"vicieusement","vicieusement","ADV","0.27"
"y","yu","ADV","0.27"
"épatamment","épatamment","ADV","0.27"
"a posteriori","a posteriori","ADV","0.2"
"ad vitam aeternam","ad vitam aeternam","ADV","0.2"
"admirativement","admirativement","ADV","0.2"
"affablement","affablement","ADV","0.2"
"affectivement","affectivement","ADV","0.2"
"all right","all right","ADV","0.2"
"anatomiquement","anatomiquement","ADV","0.2"
"assyro","assyro","ADV","0.2"
"asymétriquement","asymétriquement","ADV","0.2"
"avarement","avarement","ADV","0.2"
"barca","barca","ADV","0.2"
"brut","brut","ADV","0.2"
"cauteleusement","cauteleusement","ADV","0.2"
"chirurgicalement","chirurgicalement","ADV","0.2"
"chrétiennement","chrétiennement","ADV","0.2"
"cocassement","cocassement","ADV","0.2"
"congénitalement","congénitalement","ADV","0.2"
"contradictoirement","contradictoirement","ADV","0.2"
"conventionnellement","conventionnellement","ADV","0.2"
"couci-couça","couci-couça","ADV","0.2"
"courtement","courtement","ADV","0.2"
"crédié","crédié","ADV","0.2"
"deuzio","deuzio","ADV","0.2"
"diplomatiquement","diplomatiquement","ADV","0.2"
"doucereusement","doucereusement","ADV","0.2"
"défavorablement","défavorablement","ADV","0.2"
"ecce homo","ecce homo","ADV","0.2"
"effrayamment","effrayamment","ADV","0.2"
"est-ce","est-ce","ADV","0.2"
"est-ce-que","est-ce-que","ADV","0.2"
"fallacieusement","fallacieusement","ADV","0.2"
"fictivement","fictivement","ADV","0.2"
"filialement","filialement","ADV","0.2"
"foutument","foutument","ADV","0.2"
"frais","frais","ADV","0.2"
"grand-faim","grand-faim","ADV","0.2"
"grand-peur","grand-peur","ADV","0.2"
"génialement","génialement","ADV","0.2"
"génétiquement","génétiquement","ADV","0.2"
"hebdomadairement","hebdomadairement","ADV","0.2"
"hiérarchiquement","hiérarchiquement","ADV","0.2"
"hostilement","hostilement","ADV","0.2"
"héréditairement","héréditairement","ADV","0.2"
"illustrement","illustrement","ADV","0.2"
"illégalement","illégalement","ADV","0.2"
"immodérément","immodérément","ADV","0.2"
"implacablement","implacablement","ADV","0.2"
"impudiquement","impudiquement","ADV","0.2"
"in abstracto","in abstracto","ADV","0.2"
"incoerciblement","incoerciblement","ADV","0.2"
"incomplètement","incomplètement","ADV","0.2"
"incontinent","incontinent","ADV","0.2"
"industriellement","industriellement","ADV","0.2"
"inexprimablement","inexprimablement","ADV","0.2"
"infernalement","infernalement","ADV","0.2"
"inhabituellement","inhabituellement","ADV","0.2"
"intelligiblement","intelligiblement","ADV","0.2"
"intolérablement","intolérablement","ADV","0.2"
"inébranlablement","inébranlablement","ADV","0.2"
"irréellement","irréellement","ADV","0.2"
"irréfutablement","irréfutablement","ADV","0.2"
"irréprochablement","irréprochablement","ADV","0.2"
"judéo","judéo","ADV","0.2"
"lisiblement","lisiblement","ADV","0.2"
"maladivement","maladivement","ADV","0.2"
"manu militari","manu militari","ADV","0.2"
"maritalement","maritalement","ADV","0.2"
"mensongèrement","mensongèrement","ADV","0.2"
"mezza voce","mezza voce","ADV","0.2"
"milieu","milieu","ADV","0.2"
"mystiquement","mystiquement","ADV","0.2"
"mytho","mytho","ADV","0.2"
"nihil obstat","nihil obstat","ADV","0.2"
"nostalgiquement","nostalgiquement","ADV","0.2"
"numériquement","numériquement","ADV","0.2"
"optime","optime","ADV","0.2"
"outre-manche","outre-manche","ADV","0.2"
"peinardement","peinardement","ADV","0.2"
"pianissimo","pianissimo","ADV","0.2"
"pico","pico","ADV","0.2"
"possiblement","possiblement","ADV","0.2"
"post mortem","post mortem","ADV","0.2"
"princièrement","princièrement","ADV","0.2"
"puérilement","puérilement","ADV","0.2"
"pâteusement","pâteusement","ADV","0.2"
"pédibus","pédibus","ADV","0.2"
"périlleusement","périlleusement","ADV","0.2"
"radieusement","radieusement","ADV","0.2"
"recto tono","recto tono","ADV","0.2"
"ric-à-rac","ric-à-rac","ADV","0.2"
"rythmiquement","rythmiquement","ADV","0.2"
"sadiquement","sadiquement","ADV","0.2"
"saintement","saintement","ADV","0.2"
"sarcastiquement","sarcastiquement","ADV","0.2"
"solidairement","solidairement","ADV","0.2"
"songeusement","songeusement","ADV","0.2"
"sordidement","sordidement","ADV","0.2"
"sportivement","sportivement","ADV","0.2"
"stérilement","stérilement","ADV","0.2"
"sub","sub","ADV","0.2"
"subséquemment","subséquemment","ADV","0.2"
"surabondamment","surabondamment","ADV","0.2"
"sursum corda","sursum corda","ADV","0.2"
"syro","syro","ADV","0.2"
"tenacement","tenacement","ADV","0.2"
"tutti quanti","tutti quanti","ADV","0.2"
"à fortiori","à fortiori","ADV","0.2"
"à lurelure","à lurelure","ADV","0.2"
"à posteriori","a posteriori","ADV","0.2"
"à son encontre","à son encontre","ADV","0.2"
"éphémèrement","éphémèrement","ADV","0.2"
"académiquement","académiquement","ADV","0.14"
"accelerando","accelerando","ADV","0.14"
"ad libitum","ad libitum","ADV","0.14"
"ad majorem dei gloriam","ad majorem dei gloriam","ADV","0.14"
"administrativement","administrativement","ADV","0.14"
"al dente","al dente","ADV","0.14"
"allusivement","allusivement","ADV","0.14"
"anaphoriquement","anaphoriquement","ADV","0.14"
"anarchiquement","anarchiquement","ADV","0.14"
"ancestralement","ancestralement","ADV","0.14"
"anecdotiquement","anecdotiquement","ADV","0.14"
"angéliquement","angéliquement","ADV","0.14"
"annuellement","annuellement","ADV","0.14"
"anonymement","anonymement","ADV","0.14"
"ardûment","ardûment","ADV","0.14"
"aujourd'hui","aujourd'huie","ADV","0.14"
"austèrement","austèrement","ADV","0.14"
"autre","autre","ADV","0.14"
"autres","autres","ADV","0.14"
"avaricieusement","avaricieusement","ADV","0.14"
"barbarement","barbarement","ADV","0.14"
"bezef","bezef","ADV","0.14"
"bésef","bésef","ADV","0.14"
"bézef","bézef","ADV","0.14"
"catastrophiquement","catastrophiquement","ADV","0.14"
"catholiquement","catholiquement","ADV","0.14"
"chiquement","chiquement","ADV","0.14"
"cinquièmement","cinquièmement","ADV","0.14"
"cinématographiquement","cinématographiquement","ADV","0.14"
"classiquement","classiquement","ADV","0.14"
"cliniquement","cliniquement","ADV","0.14"
"clopin-clopant","clopin-clopant","ADV","0.14"
"complémentairement","complémentairement","ADV","0.14"
"consécutivement","consécutivement","ADV","0.14"
"crapuleusement","crapuleusement","ADV","0.14"
"câlinement","câlinement","ADV","0.14"
"dextrement","dextrement","ADV","0.14"
"dubitativement","dubitativement","ADV","0.14"
"dégueulassement","dégueulassement","ADV","0.14"
"déloyalement","déloyalement","ADV","0.14"
"déraisonnablement","déraisonnablement","ADV","0.14"
"dévotieusement","dévotieusement","ADV","0.14"
"emphatiquement","emphatiquement","ADV","0.14"
"ex nihilo","ex nihilo","ADV","0.14"
"exhaustivement","exhaustivement","ADV","0.14"
"extatiquement","extatiquement","ADV","0.14"
"fantasmatiquement","fantasmatiquement","ADV","0.14"
"fifty-fifty","fifty-fifty","ADV","0.14"
"fluidement","fluidement","ADV","0.14"
"forte","forte","ADV","0.14"
"frauduleusement","frauduleusement","ADV","0.14"
"futilement","futilement","ADV","0.14"
"gi","gi","ADV","0.14"
"grammaticalement","grammaticalement","ADV","0.14"
"grandiosement","grandiosement","ADV","0.14"
"gratis pro deo","gratis pro deo","ADV","0.14"
"gréco","gréco","ADV","0.14"
"gusto","gusto","ADV","0.14"
"hypnotiquement","hypnotiquement","ADV","0.14"
"illusoirement","illusoirement","ADV","0.14"
"imaginairement","imaginairement","ADV","0.14"
"impassiblement","impassiblement","ADV","0.14"
"in cauda venenum","in cauda venenum","ADV","0.14"
"incommensurablement","incommensurablement","ADV","0.14"
"indéfinissablement","indéfinissablement","ADV","0.14"
"inexactement","inexactement","ADV","0.14"
"inflexiblement","inflexiblement","ADV","0.14"
"insondablement","insondablement","ADV","0.14"
"inséparablement","inséparablement","ADV","0.14"
"intensivement","intensivement","ADV","0.14"
"internationalement","internationalement","ADV","0.14"
"intrépidement","intrépidement","ADV","0.14"
"invraisemblablement","invraisemblablement","ADV","0.14"
"irréductiblement","irréductiblement","ADV","0.14"
"irréparablement","irréparablement","ADV","0.14"
"irrévérencieusement","irrévérencieusement","ADV","0.14"
"jusque","jusque","ADV","0.14"
"lanlaire","lanlaire","ADV","0.14"
"lento","lento","ADV","0.14"
"littérairement","littérairement","ADV","0.14"
"là-derrière","là-derrière","ADV","0.14"
"là-devant","là-devant","ADV","0.14"
"manuellement","manuellement","ADV","0.14"
"matinalement","matinalement","ADV","0.14"
"meilleur","meilleur","ADV","0.14"
"mensuellement","mensuellement","ADV","0.14"
"menu","menu","ADV","0.14"
"mesquinement","mesquinement","ADV","0.14"
"mignonnement","mignonnement","ADV","0.14"
"milli","milli","ADV","0.14"
"moitié-moitié","moitié-moitié","ADV","0.14"
"mondainement","mondainement","ADV","0.14"
"mondialement","mondialement","ADV","0.14"
"métaphysiquement","métaphysiquement","ADV","0.14"
"nano","nano","ADV","0.14"
"nationalement","nationalement","ADV","0.14"
"naturlich","naturlich","ADV","0.14"
"ne varietur","ne varietur","ADV","0.14"
"obligado","obligado","ADV","0.14"
"obséquieusement","obséquieusement","ADV","0.14"
"onc","onc","ADV","0.14"
"originairement","originairement","ADV","0.14"
"ostentatoirement","ostentatoirement","ADV","0.14"
"parodiquement","parodiquement","ADV","0.14"
"pathologiquement","pathologiquement","ADV","0.14"
"perversement","perversement","ADV","0.14"
"piano","piano","ADV","0.14"
"pipo","pipo","ADV","0.14"
"potentiellement","potentiellement","ADV","0.14"
"poussivement","poussivement","ADV","0.14"
"puisque","puisque","ADV","0.14"
"pédestrement","pédestrement","ADV","0.14"
"quarto","quarto","ADV","0.14"
"quatrièmement","quatrièmement","ADV","0.14"
"quiètement","quiètement","ADV","0.14"
"racialement","racialement","ADV","0.14"
"raidement","raidement","ADV","0.14"
"rigidement","rigidement","ADV","0.14"
"robustement","robustement","ADV","0.14"
"rétroactivement","rétroactivement","ADV","0.14"
"savoureusement","savoureusement","ADV","0.14"
"secondement","secondement","ADV","0.14"
"socio","socio","ADV","0.14"
"souventefois","souventefois","ADV","0.14"
"sublimement","sublimement","ADV","0.14"
"suspicieusement","suspicieusement","ADV","0.14"
"séculairement","séculairement","ADV","0.14"
"tactilement","tactilement","ADV","0.14"
"temporellement","temporellement","ADV","0.14"
"tendancieusement","tendancieusement","ADV","0.14"
"tièdement","tièdement","ADV","0.14"
"topographiquement","topographiquement","ADV","0.14"
"tumultueusement","tumultueusement","ADV","0.14"
"tyranniquement","tyranniquement","ADV","0.14"
"urgemment","urgemment","ADV","0.14"
"visuellement","visuellement","ADV","0.14"
"vox populi","vox populi","ADV","0.14"
"véridiquement","véridiquement","ADV","0.14"
"à l'encan","à l'encan","ADV","0.14"
"à mon encontre","à mon encontre","ADV","0.14"
"à tire-larigot","à_tire-larigot","ADV","0.14"
"à touche-touche","à_touche-touche","ADV","0.14"
"âcrement","âcrement","ADV","0.14"
"électivement","électivement","ADV","0.14"
"étymologiquement","étymologiquement","ADV","0.14"
"a capella","a capella","ADV","0.07"
"a cappella","a cappella","ADV","0.07"
"ab absurdo","ab absurdo","ADV","0.07"
"ab initio","ab initio","ADV","0.07"
"abjectement","abjectement","ADV","0.07"
"acrimonieusement","acrimonieusement","ADV","0.07"
"acrobatiquement","acrobatiquement","ADV","0.07"
"ad limina","ad limina","ADV","0.07"
"ad nutum","ad nutum","ADV","0.07"
"adagio","adagio","ADV","0.07"
"adonc","adonc","ADV","0.07"
"adoncques","adoncques","ADV","0.07"
"agitato","agitato","ADV","0.07"
"aglagla","aglagla","ADV","0.07"
"alea jacta est","alea jacta est","ADV","0.07"
"algébriquement","algébriquement","ADV","0.07"
"allégoriquement","allégoriquement","ADV","0.07"
"alphabétiquement","alphabétiquement","ADV","0.07"
"alter","alter","ADV","0.07"
"altièrement","altièrement","ADV","0.07"
"amoroso","amoroso","ADV","0.07"
"anachroniquement","anachroniquement","ADV","0.07"
"analytiquement","analytiquement","ADV","0.07"
"anch'io son pittore","anch'io son pittore","ADV","0.07"
"andante","andante","ADV","0.07"
"approbativement","approbativement","ADV","0.07"
"architecturalement","architecturalement","ADV","0.07"
"ardito","ardito","ADV","0.07"
"aristocratiquement","aristocratiquement","ADV","0.07"
"arithmétiquement","arithmétiquement","ADV","0.07"
"artisanalement","artisanalement","ADV","0.07"
"austro","austro","ADV","0.07"
"automatico","automatico","ADV","0.07"
"balistiquement","balistiquement","ADV","0.07"
"belliqueusement","belliqueusement","ADV","0.07"
"besef","besef","ADV","0.07"
"bibliquement","bibliquement","ADV","0.07"
"bonassement","bonassement","ADV","0.07"
"bouffonnement","bouffonnement","ADV","0.07"
"budgétairement","budgétairement","ADV","0.07"
"bulgaro","bulgaro","ADV","0.07"
"bureaucratiquement","bureaucratiquement","ADV","0.07"
"bénignement","bénignement","ADV","0.07"
"c'est-à-dire","c'est-à-diree","ADV","0.07"
"calligraphiquement","calligraphiquement","ADV","0.07"
"canaillement","canaillement","ADV","0.07"
"canoniquement","canoniquement","ADV","0.07"
"capitalement","capitalement","ADV","0.07"
"cellulairement","cellulairement","ADV","0.07"
"chao","chao","ADV","0.07"
"chaotiquement","chaotiquement","ADV","0.07"
"chevaleresquement","chevaleresquement","ADV","0.07"
"chic","chic","ADV","0.07"
"chimériquement","chimériquement","ADV","0.07"
"chouettement","chouettement","ADV","0.07"
"chroniquement","chroniquement","ADV","0.07"
"chétivement","chétivement","ADV","0.07"
"ci-contre","ci-contre","ADV","0.07"
"circulairement","circulairement","ADV","0.07"
"coléreusement","coléreusement","ADV","0.07"
"comparativement","comparativement","ADV","0.07"
"conditionnellement","conditionnellement","ADV","0.07"
"confraternellement","confraternellement","ADV","0.07"
"congrûment","congrûment","ADV","0.07"
"conjugalement","conjugalement","ADV","0.07"
"constitutionnellement","constitutionnellement","ADV","0.07"
"contemplativement","contemplativement","ADV","0.07"
"conventuellement","conventuellement","ADV","0.07"
"coquinement","coquinement","ADV","0.07"
"cosmo","cosmo","ADV","0.07"
"coupablement","coupablement","ADV","0.07"
"coutumièrement","coutumièrement","ADV","0.07"
"coûteusement","coûteusement","ADV","0.07"
"criminellement","criminellement","ADV","0.07"
"crouille","crouille","ADV","0.07"
"crucialement","crucialement","ADV","0.07"
"cupidement","cupidement","ADV","0.07"
"cycliquement","cycliquement","ADV","0.07"
"cérébralement","cérébralement","ADV","0.07"
"d'emblée","d'embléee","ADV","0.07"
"de auditu","de auditu","ADV","0.07"
"de facto","de facto","ADV","0.07"
"decrescendo","decrescendo","ADV","0.07"
"diagonalement","diagonalement","ADV","0.07"
"didactiquement","didactiquement","ADV","0.07"
"dignus est intrare","dignus est intrare","ADV","0.07"
"disgracieusement","disgracieusement","ADV","0.07"
"dispendieusement","dispendieusement","ADV","0.07"
"domestiquement","domestiquement","ADV","0.07"
"douteusement","douteusement","ADV","0.07"
"droitement","droitement","ADV","0.07"
"défectueusement","défectueusement","ADV","0.07"
"démographiquement","démographiquement","ADV","0.07"
"démoniaquement","démoniaquement","ADV","0.07"
"désordonnément","désordonnément","ADV","0.07"
"détestablement","détestablement","ADV","0.07"
"empiriquement","empiriquement","ADV","0.07"
"espièglement","espièglement","ADV","0.07"
"est-ce qu","est-ce qu","ADV","0.07"
"esthétiquement","esthétiquement","ADV","0.07"
"et seq","et seq","ADV","0.07"
"etcetera","etcetera","ADV","0.07"
"euphoniquement","euphoniquement","ADV","0.07"
"ex abrupto","ex abrupto","ADV","0.07"
"excellemment","excellemment","ADV","0.07"
"exemplairement","exemplairement","ADV","0.07"
"exotiquement","exotiquement","ADV","0.07"
"expertement","expertement","ADV","0.07"
"expressivement","expressivement","ADV","0.07"
"expérimentalement","expérimentalement","ADV","0.07"
"extra-muros","extra-muros","ADV","0.07"
"fadement","fadement","ADV","0.07"
"fameusement","fameusement","ADV","0.07"
"fantasquement","fantasquement","ADV","0.07"
"fantomatiquement","fantomatiquement","ADV","0.07"
"fastidieusement","fastidieusement","ADV","0.07"
"fielleusement","fielleusement","ADV","0.07"
"figurativement","figurativement","ADV","0.07"
"fiscalement","fiscalement","ADV","0.07"
"flegmatiquement","flegmatiquement","ADV","0.07"
"fonctionnellement","fonctionnellement","ADV","0.07"
"fragilement","fragilement","ADV","0.07"
"frugalement","frugalement","ADV","0.07"
"funestement","funestement","ADV","0.07"
"félinement","félinement","ADV","0.07"
"gauloisement","gauloisement","ADV","0.07"
"glacialement","glacialement","ADV","0.07"
"glauquement","glauquement","ADV","0.07"
"gourmandement","gourmandement","ADV","0.07"
"goutte","goutte","ADV","0.07"
"grand-hâte","grand-hâte","ADV","0.07"
"hasardeusement","hasardeusement","ADV","0.07"
"hautainement","hautainement","ADV","0.07"
"hiératiquement","hiératiquement","ADV","0.07"
"humidement","humidement","ADV","0.07"
"hydro","hydro","ADV","0.07"
"hygiéniquement","hygiéniquement","ADV","0.07"
"hyperboliquement","hyperboliquement","ADV","0.07"
"hypo","hypo","ADV","0.07"
"hypothétiquement","hypothétiquement","ADV","0.07"
"hébraïquement","hébraïquement","ADV","0.07"
"hémi","hémi","ADV","0.07"
"hérédo","hérédo","ADV","0.07"
"illogiquement","illogiquement","ADV","0.07"
"impalpablement","impalpablement","ADV","0.07"
"imparablement","imparablement","ADV","0.07"
"impardonnablement","impardonnablement","ADV","0.07"
"impertinemment","impertinemment","ADV","0.07"
"impromptu","impromptu","ADV","0.07"
"improprement","improprement","ADV","0.07"
"in anima vili","in anima vili","ADV","0.07"
"in vivo","in vivo","ADV","0.07"
"inavouablement","inavouablement","ADV","0.07"
"inconcevablement","inconcevablement","ADV","0.07"
"incorrectement","incorrectement","ADV","0.07"
"incorrigiblement","incorrigiblement","ADV","0.07"
"indescriptiblement","indescriptiblement","ADV","0.07"
"industrieusement","industrieusement","ADV","0.07"
"indécrottablement","indécrottablement","ADV","0.07"
"ineffablement","ineffablement","ADV","0.07"
"ineffaçablement","ineffaçablement","ADV","0.07"
"ineptement","ineptement","ADV","0.07"
"inespérément","inespérément","ADV","0.07"
"inexpugnablement","inexpugnablement","ADV","0.07"
"infantilement","infantilement","ADV","0.07"
"infectement","infectement","ADV","0.07"
"infinitésimalement","infinitésimalement","ADV","0.07"
"inglorieusement","inglorieusement","ADV","0.07"
"ingratement","ingratement","ADV","0.07"
"inimaginablement","inimaginablement","ADV","0.07"
"inimitablement","inimitablement","ADV","0.07"
"injurieusement","injurieusement","ADV","0.07"
"innombrablement","innombrablement","ADV","0.07"
"inopportunément","inopportunément","ADV","0.07"
"inoubliablement","inoubliablement","ADV","0.07"
"insensément","insensément","ADV","0.07"
"insolitement","insolitement","ADV","0.07"
"insoucieusement","insoucieusement","ADV","0.07"
"instinctivo","instinctivo","ADV","0.07"
"intempestivement","intempestivement","ADV","0.07"
"interrogativement","interrogativement","ADV","0.07"
"intra muros","intra muros","ADV","0.07"
"intra-muros","intra-muros","ADV","0.07"
"intrinsèquement","intrinsèquement","ADV","0.07"
"inélégamment","inélégamment","ADV","0.07"
"irrationnellement","irrationnellement","ADV","0.07"
"irrespectueusement","irrespectueusement","ADV","0.07"
"jacqueline","jacqueline","ADV","0.07"
"l'une","l'une","ADV","0.07"
"lerch","lerch","ADV","0.07"
"linguistiquement","linguistiquement","ADV","0.07"
"longitudinalement","longitudinalement","ADV","0.07"
"lorsque","lorsque","ADV","0.07"
"malhabilement","malhabilement","ADV","0.07"
"malproprement","malproprement","ADV","0.07"
"malsainement","malsainement","ADV","0.07"
"mexico","mexico","ADV","0.07"
"mezza-voce","mezza-voce","ADV","0.07"
"microscopiquement","microscopiquement","ADV","0.07"
"mignardement","mignardement","ADV","0.07"
"minablement","minablement","ADV","0.07"
"miséricordieusement","miséricordieusement","ADV","0.07"
"miteusement","miteusement","ADV","0.07"
"moindrement","moindrement","ADV","0.07"
"morbidement","morbidement","ADV","0.07"
"mornement","mornement","ADV","0.07"
"morosement","morosement","ADV","0.07"
"motu proprio","motu proprio","ADV","0.07"
"mutatis mutandis","mutatis mutandis","ADV","0.07"
"mélodieusement","mélodieusement","ADV","0.07"
"métaphoriquement","métaphoriquement","ADV","0.07"
"météoriquement","météoriquement","ADV","0.07"
"narcissiquement","narcissiquement","ADV","0.07"
"nigaudement","nigaudement","ADV","0.07"
"nimbo","nimbo","ADV","0.07"
"non troppo","non troppo","ADV","0.07"
"nota bene","nota bene","ADV","0.07"
"occultement","occultement","ADV","0.07"
"ombrageusement","ombrageusement","ADV","0.07"
"onctueusement","onctueusement","ADV","0.07"
"onto","onto","ADV","0.07"
"oseraient","oseraient","ADV","0.07"
"ousque","ousque","ADV","0.07"
"paillardement","paillardement","ADV","0.07"
"pakistano","pakistano","ADV","0.07"
"passim","passim","ADV","0.07"
"passionnellement","passionnellement","ADV","0.07"
"patri","patri","ADV","0.07"
"patriotiquement","patriotiquement","ADV","0.07"
"persévéramment","persévéramment","ADV","0.07"
"phonétiquement","phonétiquement","ADV","0.07"
"picturalement","picturalement","ADV","0.07"
"piu","piu","ADV","0.07"
"più","più","ADV","0.07"
"plausiblement","plausiblement","ADV","0.07"
"plein-air","plein-air","ADV","0.07"
"plupart","plupart","ADV","0.07"
"populairement","populairement","ADV","0.07"
"profond","profond","ADV","0.07"
"prompto","prompto","ADV","0.07"
"prophétiquement","prophétiquement","ADV","0.07"
"provincialement","provincialement","ADV","0.07"
"publicitairement","publicitairement","ADV","0.07"
"publico","publico","ADV","0.07"
"pyramidalement","pyramidalement","ADV","0.07"
"pécuniairement","pécuniairement","ADV","0.07"
"péjorativement","péjorativement","ADV","0.07"
"pénalement","pénalement","ADV","0.07"
"pénardement","pénardement","ADV","0.07"
"quanto","quanto","ADV","0.07"
"quasi-inconnu","quasi-inconnu","ADV","0.07"
"quasi-voisines","quasi-voisines","ADV","0.07"
"racisme","racisme","ADV","0.07"
"rarissimement","rarissimement","ADV","0.07"
"regrettablement","regrettablement","ADV","0.07"
"rinforzando","rinforzando","ADV","0.07"
"risiblement","risiblement","ADV","0.07"
"roi","roi","ADV","0.07"
"rubato","rubato","ADV","0.07"
"salutairement","salutairement","ADV","0.07"
"sardoniquement","sardoniquement","ADV","0.07"
"scolairement","scolairement","ADV","0.07"
"sempiternellement","sempiternellement","ADV","0.07"
"sensationnellement","sensationnellement","ADV","0.07"
"sensément","sensément","ADV","0.07"
"sic transit gloria mundi","sic transit gloria mundi","ADV","0.07"
"significativement","significativement","ADV","0.07"
"similairement","similairement","ADV","0.07"
"sinueusement","sinueusement","ADV","0.07"
"sociologiquement","sociologiquement","ADV","0.07"
"somnambuliquement","somnambuliquement","ADV","0.07"
"sonorement","sonorement","ADV","0.07"
"sostenuto","sostenuto","ADV","0.07"
"soyeusement","soyeusement","ADV","0.07"
"splendidement","splendidement","ADV","0.07"
"spécieusement","spécieusement","ADV","0.07"
"stablement","stablement","ADV","0.07"
"stalino","stalino","ADV","0.07"
"statistiquement","statistiquement","ADV","0.07"
"structuralement","structuralement","ADV","0.07"
"subsidiairement","subsidiairement","ADV","0.07"
"sufficit","sufficit","ADV","0.07"
"suivant","suivant","ADV","0.07"
"superlativement","superlativement","ADV","0.07"
"svp","svp","ADV","0.07"
"sénilement","sénilement","ADV","0.07"
"tactiquement","tactiquement","ADV","0.07"
"talentueusement","talentueusement","ADV","0.07"
"tandis que","tandis que","ADV","0.07"
"territorialement","territorialement","ADV","0.07"
"thématiquement","thématiquement","ADV","0.07"
"transversalement","transversalement","ADV","0.07"
"triangulairement","triangulairement","ADV","0.07"
"trivialement","trivialement","ADV","0.07"
"téléphoniquement","téléphoniquement","ADV","0.07"
"tête-bêche","tête-bêche","ADV","0.07"
"ultimement","ultimement","ADV","0.07"
"ultimo","ultimo","ADV","0.07"
"vae soli","vae soli","ADV","0.07"
"vae victis","vae victis","ADV","0.07"
"vaniteusement","vaniteusement","ADV","0.07"
"venimeusement","venimeusement","ADV","0.07"
"vindicativement","vindicativement","ADV","0.07"
"virginalement","virginalement","ADV","0.07"
"vitement","vitement","ADV","0.07"
"vocalement","vocalement","ADV","0.07"
"à cropetons","à cropetons","ADV","0.07"
"à giorno","à giorno","ADV","0.07"
"à glagla","à glagla","ADV","0.07"
"à la daumont","à la daumont","ADV","0.07"
"à leur encontre","à leur encontre","ADV","0.07"
"à notre encontre","à notre encontre","ADV","0.07"
"électoralement","électoralement","ADV","0.07"
"ad infinitum","ad infinitum","ADV","0"
"adéquatement","adéquatement","ADV","0"
"ahou","ahou","ADV","0"
"alerte","alerte","ADV","0"
"aléatoirement","aléatoirement","ADV","0"
"anthropologiquement","anthropologiquement","ADV","0"
"anticonstitutionnellement","anticonstitutionnellement","ADV","0"
"astro","astro","ADV","0"
"astrologiquement","astrologiquement","ADV","0"
"astronomiquement","astronomiquement","ADV","0"
"autoritairement","autoritairement","ADV","0"
"bestialement","bestialement","ADV","0"
"bienveillamment","bienveillamment","ADV","0"
"bilatéralement","bilatéralement","ADV","0"
"biochimiquement","biochimiquement","ADV","0"
"bons-cadeaux","bon-cadeaux","ADV","0"
"botaniquement","botaniquement","ADV","0"
"boudi","boudi","ADV","0"
"bêta","bêta","ADV","0"
"caf","caf","ADV","0"
"canado","canado","ADV","0"
"chouette","chouette","ADV","0"
"classico","classico","ADV","0"
"co","co","ADV","0"
"compulsivement","compulsivement","ADV","0"
"conceptuellement","conceptuellement","ADV","0"
"contractuellement","contractuellement","ADV","0"
"cosmiquement","cosmiquement","ADV","0"
"culturellement","culturellement","ADV","0"
"de plano","de plano","ADV","0"
"demi-nu","demi-nu","ADV","0"
"demi-pas","demi-pas","ADV","0"
"deusio","deusio","ADV","0"
"diminuendo","diminuendo","ADV","0"
"dixièmement","dixièmement","ADV","0"
"drastiquement","drastiquement","ADV","0"
"débilement","débilement","ADV","0"
"désastreusement","désastreusement","ADV","0"
"ecsta","ecsta","ADV","0"
"emmi","emmi","ADV","0"
"ethniquement","ethniquement","ADV","0"
"ex-petit","ex-petit","ADV","0"
"exponentiellement","exponentiellement","ADV","0"
"ferme","ferme","ADV","0"
"franc","franc","ADV","0"
"gal","gal","ADV","0"
"germano","germano","ADV","0"
"géologiquement","géologiquement","ADV","0"
"harmoniquement","harmoniquement","ADV","0"
"humano","humano","ADV","0"
"hélico","hélico","ADV","0"
"il","il","ADV","0"
"illicitement","illicitement","ADV","0"
"illégitimement","illégitimement","ADV","0"
"immoralement","immoralement","ADV","0"
"impoliment","impoliment","ADV","0"
"imprévisiblement","imprévisiblement","ADV","0"
"in absentia","in absentia","ADV","0"
"in memoriam","in memoriam","ADV","0"
"in utero","in utero","ADV","0"
"in vino veritas","in vino veritas","ADV","0"
"in vitro","in vitro","ADV","0"
"inadéquatement","inadéquatement","ADV","0"
"inconditionnellement","inconditionnellement","ADV","0"
"informatiquement","informatiquement","ADV","0"
"intra","intra","ADV","0"
"item","item","ADV","0"
"km","km","ADV","0"
"largo","largo","ADV","0"
"legato","legato","ADV","0"
"linéairement","linéairement","ADV","0"
"louablement","louablement","ADV","0"
"louis","louis","ADV","0"
"là-dehors","là-dehors","ADV","0"
"magico","magico","ADV","0"
"magnétiquement","magnétiquement","ADV","0"
"majoritairement","majoritairement","ADV","0"
"marginalement","marginalement","ADV","0"
"mezzo","mezzo","ADV","0"
"militaro","militaro","ADV","0"
"mièvrement","mièvrement","ADV","0"
"mn","mn","ADV","0"
"monumentalement","monumentalement","ADV","0"
"morpho","morpho","ADV","0"
"méprisamment","méprisamment","ADV","0"
"n'est-ce pas","n'est-ce pas","ADV","0"
"neurologiquement","neurologiquement","ADV","0"
"nippo","nippo","ADV","0"
"nominalement","nominalement","ADV","0"
"octavo","octavo","ADV","0"
"oisivement","oisivement","ADV","0"
"on-line","on-line","ADV","0"
"ontologiquement","ontologiquement","ADV","0"
"ore","ore","ADV","0"
"originalement","originalement","ADV","0"
"ostinato","ostinato","ADV","0"
"paléo","paléo","ADV","0"
"paraboliquement","paraboliquement","ADV","0"
"pas-je","pas-je","ADV","0"
"pasque","pasque","ADV","0"
"physio","physio","ADV","0"
"phénoménalement","phénoménalement","ADV","0"
"pile","pile","ADV","0"
"pile-poil","pile-poil","ADV","0"
"piètrement","piètrement","ADV","0"
"play","play","ADV","0"
"plue","plue","ADV","0"
"pragmatiquement","pragmatiquement","ADV","0"
"privément","privément","ADV","0"
"préférablement","préférablement","ADV","0"
"psychiquement","psychiquement","ADV","0"
"quantitativement","quantitativement","ADV","0"
"quasi-débutant","quasi-débutant","ADV","0"
"quasi-instantanée","quasi-instantanée","ADV","0"
"quasi-maximum","quasi-maximum","ADV","0"
"quater","quater","ADV","0"
"quinto","quinto","ADV","0"
"ras","ras","ADV","0"
"révolutionnairement","révolutionnairement","ADV","0"
"semestriellement","semestriellement","ADV","0"
"sexto","sexto","ADV","0"
"sino","sino","ADV","0"
"sitcom","sitcom","ADV","0"
"sixièmement","sixièmement","ADV","0"
"spatialement","spatialement","ADV","0"
"sphériquement","sphériquement","ADV","0"
"stricto sensu","stricto sensu","ADV","0"
"structurellement","structurellement","ADV","0"
"subconsciemment","subconsciemment","ADV","0"
"subjectivement","subjectivement","ADV","0"
"supposément","supposément","ADV","0"
"synthétiquement","synthétiquement","ADV","0"
"sélectivement","sélectivement","ADV","0"
"séquentiellement","séquentiellement","ADV","0"
"technologiquement","technologiquement","ADV","0"
"théologiquement","théologiquement","ADV","0"
"tout-fait","tout-fait","ADV","0"
"trans","trans","ADV","0"
"transitoirement","transitoirement","ADV","0"
"trimestriellement","trimestriellement","ADV","0"
"triplement","triplement","ADV","0"
"télépathiquement","télépathiquement","ADV","0"
"upas","upas","ADV","0"
"usuellement","usuellement","ADV","0"
"valeureusement","valeureusement","ADV","0"
"vilement","vilement","ADV","0"
"viscéralement","viscéralement","ADV","0"
"vélocement","vélocement","ADV","0"
"zig-zig","zig-zig","ADV","0"
"à la saint-glinglin","à la saint-glinglin","ADV","0"
"à ton encontre","à ton encontre","ADV","0"
"à votre encontre","à votre encontre","ADV","0"
"é","é","ADV","0"
"écologiquement","écologiquement","ADV","0"
"électroniquement","électroniquement","ADV","0"
"émotionnellement","émotionnellement","ADV","0"
"éthiquement","éthiquement","ADV","0"
