Word,lemme,cgram,freq
pas,pas,ADV,18188.15
ne,ne,ADV,13357.03
n',ne,ADV,8860.45
bien,bien,ADV,4213.78
plus,plus,ADV,4062.45
non,non,ADV,4040.18
oui,oui,ADV,3207.35
ici,ici,ADV,2411.21
si,si,ADV,2107.14
là,là,ADV,2096.53
alors,alors,ADV,1777.65
très,très,ADV,1589.92
aussi,aussi,ADV,1402.33
jamais,jamais,ADV,1360.22
pourquoi,pourquoi,ADV,1348.04
encore,encore,ADV,1176.94
est-ce que,est-ce que,ADV,1159.41
toujours,toujours,ADV,1072.36
tout,tout,ADV,1058.64
maintenant,maintenant,ADV,1028.86
vraiment,vraiment,ADV,968.57
comment,comment,ADV,922.93
même,même,ADV,907.69
peut-être,peut-être,ADV,907.68
trop,trop,ADV,859.54
déjà,déjà,ADV,681.89
mieux,mieux,ADV,651.73
beaucoup,beaucoup,ADV,626
comme,comme,ADV,577.64
ouais,ouais,ADV,533.02
vite,vite,ADV,491.64
moins,moins,ADV,478.75
mal,mal,ADV,453.95
demain,demain,ADV,425.85
assez,assez,ADV,407.75
combien,combien,ADV,390.58
tant,tant,ADV,380.34
aujourd'hui,aujourd'hui,ADV,360.17
tard,tard,ADV,350.38
longtemps,longtemps,ADV,290.36
seulement,seulement,ADV,279.25
enfin,enfin,ADV,265.83
là-bas,là-bas,ADV,263.15
ensemble,ensemble,ADV,253.47
juste,juste,ADV,252.71
peu,peu,ADV,250.97
loin,loin,ADV,248.34
avant,avant,ADV,224.38
hier,hier,ADV,223.77
plutôt,plutôt,ADV,210.4
ainsi,ainsi,ADV,207.68
après,après,ADV,193.68
bientôt,bientôt,ADV,184.96
tellement,tellement,ADV,183.7
presque,presque,ADV,181.81
dehors,dehors,ADV,180.79
d'abord,d'abord,ADV,175.45
en,en,ADV,172.75
fort,fort,ADV,171.91
parfois,parfois,ADV,152.86
autant,autant,ADV,152.16
surtout,surtout,ADV,148.66
depuis,depuis,ADV,147.19
exactement,exactement,ADV,144.62
partout,partout,ADV,141.94
ok,ok,ADV,136.5
souvent,souvent,ADV,135.54
sûrement,sûrement,ADV,133.67
tôt,tôt,ADV,129.98
puis,puis,ADV,129.11
ailleurs,ailleurs,ADV,128.74
ensuite,ensuite,ADV,127.92
dessus,dessus,ADV,111.19
complètement,complètement,ADV,105.33
doucement,doucement,ADV,103.81
pourtant,pourtant,ADV,95.8
debout,debout,ADV,91.81
absolument,absolument,ADV,89.79
autour,autour,ADV,87.02
simplement,simplement,ADV,84.76
près,près,ADV,79.53
dedans,dedans,ADV,76.55
là-dedans,là-dedans,ADV,74
derrière,derrière,ADV,73.39
n,ne,ADV,70.36
probablement,probablement,ADV,69.41
là-haut,là-haut,ADV,67.78
bon,bon,ADV,66.93
quelque,quelque,ADV,62.61
justement,justement,ADV,62.08
devant,devant,ADV,59.06
marre,marre,ADV,57.48
immédiatement,immédiatement,ADV,56.35
environ,environ,ADV,55.55
certainement,certainement,ADV,55.16
finalement,finalement,ADV,45.89
parfaitement,parfaitement,ADV,45.48
au-dessus,au-dessus,ADV,43.95
apparemment,apparemment,ADV,43.08
haut,haut,ADV,41.32
autrement,autrement,ADV,40.16
heureusement,heureusement,ADV,39.78
sérieusement,sérieusement,ADV,39.34
désormais,désormais,ADV,39.13
chaud,chaud,ADV,39.06
lors,lors,ADV,35.79
malheureusement,malheureusement,ADV,35.35
franchement,franchement,ADV,35.09
point,point,ADV,34.8
cher,cher,ADV,34.7
également,également,ADV,32.19
droit,droit,ADV,31.48
là-dessus,là-dessus,ADV,30.89
pis,pis,ADV,30.15
davantage,davantage,ADV,29.56
totalement,totalement,ADV,28.62
évidemment,évidemment,ADV,28.23
autrefois,autrefois,ADV,26.89
facilement,facilement,ADV,26.85
directement,directement,ADV,26.73
rapidement,rapidement,ADV,26.49
lentement,lentement,ADV,26.48
bas,bas,ADV,26.18
forcément,forcément,ADV,24.23
bref,bref,ADV,22.26
uniquement,uniquement,ADV,21.86
au-delà,au-delà,ADV,21.77
re,r,ADV,21.43
soudain,soudain,ADV,21.16
récemment,récemment,ADV,21.07
naturellement,naturellement,ADV,21.05
normalement,normalement,ADV,20.37
cependant,cependant,ADV,20.07
volontiers,volontiers,ADV,19.41
ben,ben,ADV,19
profondément,profondément,ADV,19
clairement,clairement,ADV,18.75
personnellement,personnellement,ADV,18.39
suffisamment,suffisamment,ADV,18.3
réellement,réellement,ADV,18.27
beau,beau,ADV,17.91
entièrement,entièrement,ADV,17.17
guère,guère,ADV,17.02
lourd,lourd,ADV,16.09
vachement,vachement,ADV,15.74
certes,certes,ADV,14.88
particulièrement,particulièrement,ADV,14.78
extrêmement,extrêmement,ADV,14.69
pratiquement,pratiquement,ADV,14.68
auparavant,auparavant,ADV,14.11
rarement,rarement,ADV,14.05
etc,etc,ADV,13.9
sincèrement,sincèrement,ADV,13.58
effectivement,effectivement,ADV,13.57
aussitôt,aussitôt,ADV,13.52
tranquillement,tranquillement,ADV,13.26
précisément,précisément,ADV,12.8
petit,petit,ADV,12.3
énormément,énormément,ADV,12.27
honnêtement,honnêtement,ADV,12.06
terriblement,terriblement,ADV,11.88
quelquefois,quelquefois,ADV,11.87
après-demain,après-demain,ADV,11.77
jadis,jadis,ADV,11.55
précédemment,précédemment,ADV,11.48
actuellement,actuellement,ADV,11.39
gentiment,gentiment,ADV,11.32
dernièrement,dernièrement,ADV,11.24
correctement,correctement,ADV,11.08
dessous,dessous,ADV,11.01
drôlement,drôlement,ADV,10.79
officiellement,officiellement,ADV,10.41
infiniment,infiniment,ADV,10.29
ci,ci,ADV,10.23
carrément,carrément,ADV,9.99
doux,doux,ADV,9.77
spécialement,spécialement,ADV,9.6
définitivement,définitivement,ADV,9.34
moitié,moitié,ADV,9.2
soit,soit,ADV,9.02
contrairement,contrairement,ADV,8.79
physiquement,physiquement,ADV,8.72
différemment,différemment,ADV,8.46
attentivement,attentivement,ADV,8.38
constamment,constamment,ADV,8.18
éternellement,éternellement,ADV,8.01
grand,grand,ADV,7.99
jusque-là,jusque-là,ADV,7.81
généralement,généralement,ADV,7.79
çà,çà,ADV,7.78
quasiment,quasiment,ADV,7.66
faux,faux,ADV,7.61
voire,voire,ADV,7.42
cash,cash,ADV,7.25
court,court,ADV,7.24
dorénavant,dorénavant,ADV,7.2
bizarrement,bizarrement,ADV,7.12
là-dessous,là-dessous,ADV,7.12
soudainement,soudainement,ADV,6.98
visiblement,visiblement,ADV,6.94
out,out,ADV,6.86
librement,librement,ADV,6.8
sur-le-champ,sur-le-champ,ADV,6.79
calmement,calmement,ADV,6.74
avant-hier,avant-hier,ADV,6.69
hyper,hyper,ADV,6.66
pareil,pareil,ADV,6.63
gravement,gravement,ADV,6.43
techniquement,techniquement,ADV,6.42
gratuitement,gratuitement,ADV,6.37
svp,svp,ADV,6.36
légèrement,légèrement,ADV,6.35
sacrément,sacrément,ADV,6.01
largement,largement,ADV,5.98
vivement,vivement,ADV,5.85
discrètement,discrètement,ADV,5.82
manifestement,manifestement,ADV,5.79
régulièrement,régulièrement,ADV,5.72
tantôt,tantôt,ADV,5.62
incroyablement,incroyablement,ADV,5.55
premièrement,premièrement,ADV,5.51
alias,alias,ADV,5.45
toutefois,toutefois,ADV,5.37
littéralement,littéralement,ADV,5.27
mollo,mollo,ADV,5.23
légalement,légalement,ADV,5.09
néanmoins,néanmoins,ADV,4.95
strictement,strictement,ADV,4.95
brusquement,brusquement,ADV,4.88
hautement,hautement,ADV,4.83
vaguement,vaguement,ADV,4.72
sexuellement,sexuellement,ADV,4.61
deuxièmement,deuxièmement,ADV,4.58
bêtement,bêtement,ADV,4.56
proprement,proprement,ADV,4.54
relativement,relativement,ADV,4.48
gratis,gratis,ADV,4.39
subitement,subitement,ADV,4.39
mentalement,mentalement,ADV,4.37
fortement,fortement,ADV,4.25
arrière,arrière,ADV,4.17
follement,follement,ADV,4.15
primo,primo,ADV,4.1
près de,près de,ADV,4.1
désespérément,désespérément,ADV,4.08
entre-temps,entre-temps,ADV,4.04
habituellement,habituellement,ADV,4.02
séparément,séparément,ADV,4.01
purement,purement,ADV,3.99
gratos,gratos,ADV,3.94
net,net,ADV,3.89
décidément,décidément,ADV,3.88
franco,franco,ADV,3.87
étrangement,étrangement,ADV,3.85
delà,delà,ADV,3.73
difficilement,difficilement,ADV,3.72
longuement,longuement,ADV,3.71
merveilleusement,merveilleusement,ADV,3.63
principalement,principalement,ADV,3.6
sitôt,sitôt,ADV,3.59
volontairement,volontairement,ADV,3.59
ici-bas,ici-bas,ADV,3.58
rebours,rebours,ADV,3.52
soigneusement,soigneusement,ADV,3.52
parce,parce,ADV,3.49
pleinement,pleinement,ADV,3.44
tendrement,tendrement,ADV,3.42
est-ce qu,est-ce qu,ADV,3.41
mutuellement,mutuellement,ADV,3.4
accidentellement,accidentellement,ADV,3.39
gros,gros,ADV,3.39
raide,raide,ADV,3.39
nécessairement,nécessairement,ADV,3.31
poliment,poliment,ADV,3.29
durement,durement,ADV,3.27
horriblement,horriblement,ADV,3.23
secrètement,secrètement,ADV,3.2
assurément,assurément,ADV,3.19
exprès,exprès,ADV,3.19
please,please,ADV,3.18
nettement,nettement,ADV,3.17
affreusement,affreusement,ADV,3.13
délibérément,délibérément,ADV,3.11
par-ci,par-ci,ADV,3.1
conformément,conformément,ADV,3.09
au-dessous,au-dessous,ADV,2.98
fin,fin,ADV,2.96
brutalement,brutalement,ADV,2.89
quand,quand,ADV,2.81
violemment,violemment,ADV,2.8
mauvais,mauvais,ADV,2.77
prudemment,prudemment,ADV,2.76
politiquement,politiquement,ADV,2.73
quasi,quasi,ADV,2.69
à l'improviste,à l'improviste,ADV,2.67
temporairement,temporairement,ADV,2.64
nada,nada,ADV,2.63
automatiquement,automatiquement,ADV,2.61
fermement,fermement,ADV,2.6
gaiement,gaiement,ADV,2.58
théoriquement,théoriquement,ADV,2.58
sus,sus,ADV,2.57
aisément,aisément,ADV,2.51
ouvertement,ouvertement,ADV,2.5
éventuellement,éventuellement,ADV,2.49
publiquement,publiquement,ADV,2.47
sévèrement,sévèrement,ADV,2.46
rudement,rudement,ADV,2.42
sagement,sagement,ADV,2.39
multi,multi,ADV,2.37
demi,demi,ADV,2.36
salement,salement,ADV,2.28
atrocement,atrocement,ADV,2.27
humblement,humblement,ADV,2.26
scientifiquement,scientifiquement,ADV,2.22
financièrement,financièrement,ADV,2.21
notamment,notamment,ADV,2.2
illico,illico,ADV,2.19
joliment,joliment,ADV,2.19
instantanément,instantanément,ADV,2.15
dangereusement,dangereusement,ADV,2.13
psycho,psycho,ADV,2.11
paisiblement,paisiblement,ADV,2.1
indéfiniment,indéfiniment,ADV,2.08
exclusivement,exclusivement,ADV,2.05
concrètement,concrètement,ADV,2.04
méchamment,méchamment,ADV,2.04
fondamentalement,fondamentalement,ADV,2.03
mortellement,mortellement,ADV,2.03
véritablement,véritablement,ADV,2.03
convenablement,convenablement,ADV,2.02
inconsciemment,inconsciemment,ADV,2
ferme,ferme,ADV,1.98
moralement,moralement,ADV,1.98
brièvement,brièvement,ADV,1.92
curieusement,curieusement,ADV,1.9
génétiquement,génétiquement,ADV,1.9
impunément,impunément,ADV,1.9
fixement,fixement,ADV,1.89
illégalement,illégalement,ADV,1.87
incognito,incognito,ADV,1.87
lourdement,lourdement,ADV,1.87
idem,idem,ADV,1.86
typiquement,typiquement,ADV,1.86
fissa,fissa,ADV,1.84
inutilement,inutilement,ADV,1.83
généreusement,généreusement,ADV,1.81
plein,plein,ADV,1.81
dignement,dignement,ADV,1.8
solennellement,solennellement,ADV,1.77
patiemment,patiemment,ADV,1.75
grièvement,grièvement,ADV,1.68
psychologiquement,psychologiquement,ADV,1.68
continuellement,continuellement,ADV,1.67
tristement,tristement,ADV,1.67
essentiellement,essentiellement,ADV,1.65
approximativement,approximativement,ADV,1.64
secundo,secundo,ADV,1.64
alentour,alentour,ADV,1.63
mystérieusement,mystérieusement,ADV,1.63
grandement,grandement,ADV,1.59
injustement,injustement,ADV,1.58
positivement,positivement,ADV,1.58
pareillement,pareillement,ADV,1.57
confortablement,confortablement,ADV,1.54
all right,all right,ADV,1.53
dolce,dolce,ADV,1.53
émotionnellement,émotionnellement,ADV,1.53
provisoirement,provisoirement,ADV,1.52
étroitement,étroitement,ADV,1.51
instinctivement,instinctivement,ADV,1.5
clandestinement,clandestinement,ADV,1.48
distinctement,distinctement,ADV,1.48
délicatement,délicatement,ADV,1.48
formellement,formellement,ADV,1.48
loco,loco,ADV,1.48
sauvagement,sauvagement,ADV,1.48
chaleureusement,chaleureusement,ADV,1.46
cruellement,cruellement,ADV,1.46
perpète,perpète,ADV,1.46
fièrement,fièrement,ADV,1.45
mais,mais,ADV,1.45
nullement,nullement,ADV,1.45
progressivement,progressivement,ADV,1.44
magnifiquement,magnifiquement,ADV,1.43
manuellement,manuellement,ADV,1.4
ardemment,ardemment,ADV,1.39
vraisemblablement,vraisemblablement,ADV,1.39
couramment,couramment,ADV,1.38
passionnément,passionnément,ADV,1.38
troisièmement,troisièmement,ADV,1.38
bonnement,bonnement,ADV,1.37
doublement,doublement,ADV,1.36
piano,piano,ADV,1.35
spontanément,spontanément,ADV,1.35
est-ce-que,est-ce-que,ADV,1.34
miraculeusement,miraculeusement,ADV,1.34
amplement,amplement,ADV,1.33
logiquement,logiquement,ADV,1.33
d'emblée,d'emblée,ADV,1.31
dur,dur,ADV,1.31
aveuglément,aveuglément,ADV,1.3
là-dehors,là-dehors,ADV,1.3
intérieurement,intérieurement,ADV,1.29
momentanément,momentanément,ADV,1.29
simultanément,simultanément,ADV,1.29
intelligemment,intelligemment,ADV,1.28
outre,outre,ADV,1.27
présentement,présentement,ADV,1.27
à jeun,à jeun,ADV,1.27
systématiquement,systématiquement,ADV,1.25
foutrement,foutrement,ADV,1.24
individuellement,individuellement,ADV,1.22
prématurément,prématurément,ADV,1.22
hardiment,hardiment,ADV,1.2
activement,activement,ADV,1.18
gal,gal,ADV,1.18
gi,gi,ADV,1.18
presto,presto,ADV,1.18
spécifiquement,spécifiquement,ADV,1.18
fraîchement,fraîchement,ADV,1.17
quoique,quoique,ADV,1.17
fréquemment,fréquemment,ADV,1.16
naguère,naguère,ADV,1.16
amicalement,amicalement,ADV,1.15
divinement,divinement,ADV,1.14
et cetera,et cetera,ADV,1.14
excessivement,excessivement,ADV,1.14
joyeusement,joyeusement,ADV,1.14
là-derrière,là-derrière,ADV,1.14
furtivement,furtivement,ADV,1.13
obligatoirement,obligatoirement,ADV,1.13
officieusement,officieusement,ADV,1.13
professionnellement,professionnellement,ADV,1.13
fidèlement,fidèlement,ADV,1.12
irrémédiablement,irrémédiablement,ADV,1.12
potentiellement,potentiellement,ADV,1.12
affectueusement,affectueusement,ADV,1.11
à l'aveuglette,à l'aveuglette,ADV,1.11
anormalement,anormalement,ADV,1.08
tertio,tertio,ADV,1.08
chaudement,chaudement,ADV,1.07
cosmo,cosmo,ADV,1.07
lâchement,lâchement,ADV,1.07
y,yu,ADV,1.07
beuh,beuh,ADV,1.06
made in,made in,ADV,1.06
indirectement,indirectement,ADV,1.05
intentionnellement,intentionnellement,ADV,1.04
socialement,socialement,ADV,1.04
exceptionnellement,exceptionnellement,ADV,1.03
finement,finement,ADV,1.03
médicalement,médicalement,ADV,1.03
partiellement,partiellement,ADV,1.03
raisonnablement,raisonnablement,ADV,1.03
de visu,de visu,ADV,1.02
inévitablement,inévitablement,ADV,1.02
jà,jà,ADV,1.02
aucunement,aucunement,ADV,1.01
éperdument,éperdument,ADV,1.01
étonnamment,étonnamment,ADV,1.01
considérablement,considérablement,ADV,1
douloureusement,douloureusement,ADV,1
historiquement,historiquement,ADV,0.99
précipitamment,précipitamment,ADV,0.99
radicalement,radicalement,ADV,0.99
remarquablement,remarquablement,ADV,0.99
silencieusement,silencieusement,ADV,0.99
au-devant,au-devant,ADV,0.98
intellectuellement,intellectuellement,ADV,0.97
quotidiennement,quotidiennement,ADV,0.97
décemment,décemment,ADV,0.96
bruyamment,bruyamment,ADV,0.95
ironiquement,ironiquement,ADV,0.95
jalousement,jalousement,ADV,0.95
froidement,froidement,ADV,0.94
largo,largo,ADV,0.94
physio,physio,ADV,0.94
pacifiquement,pacifiquement,ADV,0.93
au-dedans,au-dedans,ADV,0.92
cliniquement,cliniquement,ADV,0.92
consciemment,consciemment,ADV,0.92
au-dehors,au-dehors,ADV,0.91
statistiquement,statistiquement,ADV,0.91
deuzio,deuzio,ADV,0.89
outre-mer,outre-mer,ADV,0.89
brillamment,brillamment,ADV,0.88
gusto,gusto,ADV,0.88
aux aguets,aux aguets,ADV,0.87
furieusement,furieusement,ADV,0.87
intensément,intensément,ADV,0.87
humainement,humainement,ADV,0.86
prochainement,prochainement,ADV,0.86
adroitement,adroitement,ADV,0.85
vice-versa,vice-versa,ADV,0.85
intimement,intimement,ADV,0.84
royalement,royalement,ADV,0.83
meilleur,meilleur,ADV,0.82
sentimentalement,sentimentalement,ADV,0.82
stupidement,stupidement,ADV,0.82
loyalement,loyalement,ADV,0.81
solidement,solidement,ADV,0.81
religieusement,religieusement,ADV,0.8
impatiemment,impatiemment,ADV,0.79
respectueusement,respectueusement,ADV,0.79
spirituellement,spirituellement,ADV,0.78
pertinemment,pertinemment,ADV,0.77
afin,afin,ADV,0.76
diablement,diablement,ADV,0.75
minutieusement,minutieusement,ADV,0.74
péniblement,péniblement,ADV,0.74
donnant-donnant,donnant-donnant,ADV,0.73
cordialement,cordialement,ADV,0.72
et caetera,et caetera,ADV,0.72
ter,ter,ADV,0.72
économiquement,économiquement,ADV,0.72
admirablement,admirablement,ADV,0.71
catégoriquement,catégoriquement,ADV,0.7
ci-gît,ci-gît,ADV,0.7
indubitablement,indubitablement,ADV,0.7
post,post,ADV,0.69
globalement,globalement,ADV,0.68
efficacement,efficacement,ADV,0.67
prodigieusement,prodigieusement,ADV,0.67
faussement,faussement,ADV,0.66
fifty-fifty,fifty-fifty,ADV,0.66
faiblement,faiblement,ADV,0.65
innocemment,innocemment,ADV,0.64
invariablement,invariablement,ADV,0.64
a priori,a priori,ADV,0.63
agréablement,agréablement,ADV,0.63
amèrement,amèrement,ADV,0.63
férocement,férocement,ADV,0.62
jusque,jusque,ADV,0.62
néo,néo,ADV,0.62
courageusement,courageusement,ADV,0.61
grossièrement,grossièrement,ADV,0.61
hermétiquement,hermétiquement,ADV,0.61
incontestablement,incontestablement,ADV,0.61
par mégarde,par mégarde,ADV,0.61
couci-couça,couci-couça,ADV,0.6
vaillamment,vaillamment,ADV,0.6
virtuellement,virtuellement,ADV,0.6
à tâtons,à tâtons,ADV,0.6
bravement,bravement,ADV,0.59
infra,infra,ADV,0.59
occasionnellement,occasionnellement,ADV,0.59
habilement,habilement,ADV,0.58
honteusement,honteusement,ADV,0.58
noblement,noblement,ADV,0.58
tragiquement,tragiquement,ADV,0.58
intégralement,intégralement,ADV,0.57
involontairement,involontairement,ADV,0.57
ortho,ortho,ADV,0.56
ras,ras,ADV,0.56
roi,roi,ADV,0.56
scrupuleusement,scrupuleusement,ADV,0.56
sec,sec,ADV,0.56
dûment,dûment,ADV,0.55
impérativement,impérativement,ADV,0.55
indépendamment,indépendamment,ADV,0.55
vainement,vainement,ADV,0.55
vigoureusement,vigoureusement,ADV,0.55
chimiquement,chimiquement,ADV,0.54
communément,communément,ADV,0.54
crûment,crûment,ADV,0.54
gracieusement,gracieusement,ADV,0.54
mexico,mexico,ADV,0.54
mondialement,mondialement,ADV,0.53
rapidos,rapidos,ADV,0.53
verbalement,verbalement,ADV,0.53
aimablement,aimablement,ADV,0.52
bougrement,bougrement,ADV,0.52
délicieusement,délicieusement,ADV,0.52
modestement,modestement,ADV,0.52
nenni,nenni,ADV,0.52
métaphoriquement,métaphoriquement,ADV,0.51
passablement,passablement,ADV,0.51
somptueusement,somptueusement,ADV,0.5
artificiellement,artificiellement,ADV,0.48
explicitement,explicitement,ADV,0.48
incessamment,incessamment,ADV,0.48
obstinément,obstinément,ADV,0.48
sciemment,sciemment,ADV,0.48
favorablement,favorablement,ADV,0.47
inversement,inversement,ADV,0.47
sainement,sainement,ADV,0.47
biologiquement,biologiquement,ADV,0.46
crescendo,crescendo,ADV,0.46
extraordinairement,extraordinairement,ADV,0.46
tardivement,tardivement,ADV,0.46
équitablement,équitablement,ADV,0.46
amoroso,amoroso,ADV,0.45
anciennement,anciennement,ADV,0.45
maladivement,maladivement,ADV,0.45
texto,texto,ADV,0.45
califourchon,califourchon,ADV,0.44
fatalement,fatalement,ADV,0.44
grosso modo,grosso modo,ADV,0.44
lamentablement,lamentablement,ADV,0.44
précieusement,précieusement,ADV,0.44
subtilement,subtilement,ADV,0.44
chèrement,chèrement,ADV,0.43
de traviole,de traviole,ADV,0.43
sereinement,sereinement,ADV,0.43
anonymement,anonymement,ADV,0.42
encor,encor,ADV,0.42
moyennement,moyennement,ADV,0.42
honorablement,honorablement,ADV,0.41
inopinément,inopinément,ADV,0.41
objectivement,objectivement,ADV,0.41
pieusement,pieusement,ADV,0.41
quatrièmement,quatrièmement,ADV,0.41
rationnellement,rationnellement,ADV,0.41
à priori,a priori,ADV,0.41
al dente,al dente,ADV,0.4
impitoyablement,impitoyablement,ADV,0.4
long,long,ADV,0.4
mûrement,mûrement,ADV,0.4
peu ou prou,peu ou prou,ADV,0.4
vulgairement,vulgairement,ADV,0.4
immensément,immensément,ADV,0.39
luxueusement,luxueusement,ADV,0.39
machinalement,machinalement,ADV,0.39
résolument,résolument,ADV,0.39
avidement,avidement,ADV,0.38
inlassablement,inlassablement,ADV,0.38
nerveusement,nerveusement,ADV,0.38
confidentiellement,confidentiellement,ADV,0.37
gras,gras,ADV,0.37
méticuleusement,méticuleusement,ADV,0.37
prétendument,prétendument,ADV,0.37
ultérieurement,ultérieurement,ADV,0.37
antérieurement,antérieurement,ADV,0.36
culturellement,culturellement,ADV,0.36
misérablement,misérablement,ADV,0.36
mytho,mytho,ADV,0.36
rétrospectivement,rétrospectivement,ADV,0.36
bassement,bassement,ADV,0.35
intrinsèquement,intrinsèquement,ADV,0.35
mathématiquement,mathématiquement,ADV,0.35
promptement,promptement,ADV,0.35
sèchement,sèchement,ADV,0.35
énergiquement,énergiquement,ADV,0.35
expressément,expressément,ADV,0.34
glorieusement,glorieusement,ADV,0.34
imprudemment,imprudemment,ADV,0.34
traditionnellement,traditionnellement,ADV,0.34
épouvantablement,épouvantablement,ADV,0.34
allègrement,allègrement,ADV,0.33
chirurgicalement,chirurgicalement,ADV,0.33
frais,frais,ADV,0.33
indéniablement,indéniablement,ADV,0.33
inexorablement,inexorablement,ADV,0.33
mollement,mollement,ADV,0.33
moult,moult,ADV,0.33
sottement,sottement,ADV,0.33
céans,céans,ADV,0.32
successivement,successivement,ADV,0.32
visuellement,visuellement,ADV,0.32
matériellement,matériellement,ADV,0.31
pauvrement,pauvrement,ADV,0.31
pico,pico,ADV,0.31
abondamment,abondamment,ADV,0.3
affectivement,affectivement,ADV,0.3
alea jacta est,alea jacta est,ADV,0.3
forte,forte,ADV,0.3
itou,itou,ADV,0.3
monstrueusement,monstrueusement,ADV,0.3
musicalement,musicalement,ADV,0.3
ridiculement,ridiculement,ADV,0.3
stratégiquement,stratégiquement,ADV,0.3
superbement,superbement,ADV,0.3
fabuleusement,fabuleusement,ADV,0.29
passivement,passivement,ADV,0.29
bigrement,bigrement,ADV,0.28
idéalement,idéalement,ADV,0.28
indignement,indignement,ADV,0.28
molto,molto,ADV,0.28
médiocrement,médiocrement,ADV,0.28
post mortem,post mortem,ADV,0.28
sensuellement,sensuellement,ADV,0.28
courtoisement,courtoisement,ADV,0.27
deçà,deçà,ADV,0.27
dramatiquement,dramatiquement,ADV,0.27
fichtrement,fichtrement,ADV,0.27
immoralement,immoralement,ADV,0.27
incidemment,incidemment,ADV,0.27
infailliblement,infailliblement,ADV,0.27
initialement,initialement,ADV,0.27
inéluctablement,inéluctablement,ADV,0.27
légitimement,légitimement,ADV,0.27
maladroitement,maladroitement,ADV,0.27
naturlich,naturlich,ADV,0.27
naïvement,naïvement,ADV,0.27
nouvellement,nouvellement,ADV,0.27
profond,profond,ADV,0.27
artistiquement,artistiquement,ADV,0.26
bis,bis,ADV,0.26
d'ores et déjà,d'ores et déjà,ADV,0.26
exagérément,exagérément,ADV,0.26
farouchement,farouchement,ADV,0.26
frénétiquement,frénétiquement,ADV,0.26
malencontreusement,malencontreusement,ADV,0.26
perpétuellement,perpétuellement,ADV,0.26
plue,plue,ADV,0.26
ponctuellement,ponctuellement,ADV,0.26
réciproquement,réciproquement,ADV,0.26
scandaleusement,scandaleusement,ADV,0.26
supra,supra,ADV,0.26
universellement,universellement,ADV,0.26
vade retro,vade retro,ADV,0.26
consciencieusement,consciencieusement,ADV,0.25
en tapinois,en tapinois,ADV,0.25
grand-peine,grand-peine,ADV,0.25
indiscutablement,indiscutablement,ADV,0.25
insupportablement,insupportablement,ADV,0.25
latéralement,latéralement,ADV,0.25
tactiquement,tactiquement,ADV,0.25
formidablement,formidablement,ADV,0.24
fébrilement,fébrilement,ADV,0.24
graduellement,graduellement,ADV,0.24
grassement,grassement,ADV,0.24
physiologiquement,physiologiquement,ADV,0.24
égoïstement,égoïstement,ADV,0.24
bénévolement,bénévolement,ADV,0.23
conjointement,conjointement,ADV,0.23
contrebas,contrebas,ADV,0.23
extérieurement,extérieurement,ADV,0.23
hypothétiquement,hypothétiquement,ADV,0.23
inexplicablement,inexplicablement,ADV,0.23
rigoureusement,rigoureusement,ADV,0.23
subséquemment,subséquemment,ADV,0.23
élégamment,élégamment,ADV,0.23
amoureusement,amoureusement,ADV,0.22
collectivement,collectivement,ADV,0.22
effrontément,effrontément,ADV,0.22
ergo,ergo,ADV,0.22
indûment,indûment,ADV,0.22
localement,localement,ADV,0.22
malhonnêtement,malhonnêtement,ADV,0.22
paradoxalement,paradoxalement,ADV,0.22
quinto,quinto,ADV,0.22
richement,richement,ADV,0.22
rondement,rondement,ADV,0.22
sub,sub,ADV,0.22
ipso facto,ipso facto,ADV,0.21
irrévocablement,irrévocablement,ADV,0.21
massivement,massivement,ADV,0.21
modérément,modérément,ADV,0.21
omni,omni,ADV,0.21
ordinairement,ordinairement,ADV,0.21
possiblement,possiblement,ADV,0.21
splendidement,splendidement,ADV,0.21
symboliquement,symboliquement,ADV,0.21
électriquement,électriquement,ADV,0.21
électroniquement,électroniquement,ADV,0.21
adorablement,adorablement,ADV,0.2
auprès,auprès,ADV,0.2
ci-dessus,ci-dessus,ADV,0.2
deusio,deusio,ADV,0.2
ecce homo,ecce homo,ADV,0.2
germano,germano,ADV,0.2
oralement,oralement,ADV,0.2
parallèlement,parallèlement,ADV,0.2
sic,sic,ADV,0.2
à l'envi,à l'envi,ADV,0.2
bêta,bêta,ADV,0.19
comparativement,comparativement,ADV,0.19
hypo,hypo,ADV,0.19
implicitement,implicitement,ADV,0.19
mordicus,mordicus,ADV,0.19
a jeun,à jeun,ADV,0.18
démocratiquement,démocratiquement,ADV,0.18
foncièrement,foncièrement,ADV,0.18
accessoirement,accessoirement,ADV,0.17
agitato,agitato,ADV,0.17
anxieusement,anxieusement,ADV,0.17
authentiquement,authentiquement,ADV,0.17
dare-dare,dare-dare,ADV,0.17
exponentiellement,exponentiellement,ADV,0.17
fortuitement,fortuitement,ADV,0.17
hydro,hydro,ADV,0.17
intuitivement,intuitivement,ADV,0.17
judicieusement,judicieusement,ADV,0.17
notoirement,notoirement,ADV,0.17
pitoyablement,pitoyablement,ADV,0.17
politico,politico,ADV,0.17
périodiquement,périodiquement,ADV,0.17
sporadiquement,sporadiquement,ADV,0.17
verticalement,verticalement,ADV,0.17
abusivement,abusivement,ADV,0.16
alternativement,alternativement,ADV,0.16
avantageusement,avantageusement,ADV,0.16
banalement,banalement,ADV,0.16
barca,barca,ADV,0.16
cinquièmement,cinquièmement,ADV,0.16
commercialement,commercialement,ADV,0.16
de facto,de facto,ADV,0.16
en loucedé,en loucedé,ADV,0.16
excellemment,excellemment,ADV,0.16
franc,franc,ADV,0.16
honoris causa,honoris causa,ADV,0.16
humano,humano,ADV,0.16
ignoblement,ignoblement,ADV,0.16
manu militari,manu militari,ADV,0.16
milli,milli,ADV,0.16
nib,nib,ADV,0.16
respectivement,respectivement,ADV,0.16
sine qua non,sine qua non,ADV,0.16
souverainement,souverainement,ADV,0.16
trans,trans,ADV,0.16
à fortiori,à fortiori,ADV,0.16
annuellement,annuellement,ADV,0.15
chao,chao,ADV,0.15
ci-après,ci-après,ADV,0.15
familièrement,familièrement,ADV,0.15
gréco,gréco,ADV,0.15
horizontalement,horizontalement,ADV,0.15
in memoriam,in memoriam,ADV,0.15
inextricablement,inextricablement,ADV,0.15
informatiquement,informatiquement,ADV,0.15
irréversiblement,irréversiblement,ADV,0.15
journellement,journellement,ADV,0.15
patri,patri,ADV,0.15
réglementairement,réglementairement,ADV,0.15
subrepticement,subrepticement,ADV,0.15
technologiquement,technologiquement,ADV,0.15
tutti quanti,tutti quanti,ADV,0.15
à votre encontre,à votre encontre,ADV,0.15
absurdement,absurdement,ADV,0.14
alphabétiquement,alphabétiquement,ADV,0.14
astro,astro,ADV,0.14
bellement,bellement,ADV,0.14
co,co,ADV,0.14
comiquement,comiquement,ADV,0.14
demi-nu,demi-nu,ADV,0.14
diamétralement,diamétralement,ADV,0.14
goulûment,goulûment,ADV,0.14
grammaticalement,grammaticalement,ADV,0.14
hypocritement,hypocritement,ADV,0.14
héroïquement,héroïquement,ADV,0.14
imperceptiblement,imperceptiblement,ADV,0.14
insolemment,insolemment,ADV,0.14
intensivement,intensivement,ADV,0.14
inébranlablement,inébranlablement,ADV,0.14
irrésistiblement,irrésistiblement,ADV,0.14
isolément,isolément,ADV,0.14
juridiquement,juridiquement,ADV,0.14
louablement,louablement,ADV,0.14
magiquement,magiquement,ADV,0.14
minablement,minablement,ADV,0.14
nano,nano,ADV,0.14
orgueilleusement,orgueilleusement,ADV,0.14
petitement,petitement,ADV,0.14
piteusement,piteusement,ADV,0.14
platement,platement,ADV,0.14
populairement,populairement,ADV,0.14
rituellement,rituellement,ADV,0.14
significativement,significativement,ADV,0.14
sordidement,sordidement,ADV,0.14
tyranniquement,tyranniquement,ADV,0.14
téléphoniquement,téléphoniquement,ADV,0.14
vertement,vertement,ADV,0.14
vilement,vilement,ADV,0.14
bibliquement,bibliquement,ADV,0.13
chrétiennement,chrétiennement,ADV,0.13
ci-dessous,ci-dessous,ADV,0.13
contractuellement,contractuellement,ADV,0.13
copieusement,copieusement,ADV,0.13
désagréablement,désagréablement,ADV,0.13
impudemment,impudemment,ADV,0.13
magnétiquement,magnétiquement,ADV,0.13
parce que,parce que,ADV,0.13
psychiquement,psychiquement,ADV,0.13
sensiblement,sensiblement,ADV,0.13
singulièrement,singulièrement,ADV,0.13
sommairement,sommairement,ADV,0.13
âprement,âprement,ADV,0.13
éminemment,éminemment,ADV,0.13
arbitrairement,arbitrairement,ADV,0.12
en catimini,en catimini,ADV,0.12
hâtivement,hâtivement,ADV,0.12
incurablement,incurablement,ADV,0.12
instamment,instamment,ADV,0.12
majoritairement,majoritairement,ADV,0.12
militairement,militairement,ADV,0.12
mécaniquement,mécaniquement,ADV,0.12
négativement,négativement,ADV,0.12
pianissimo,pianissimo,ADV,0.12
sino,sino,ADV,0.12
sombrement,sombrement,ADV,0.12
sournoisement,sournoisement,ADV,0.12
agressivement,agressivement,ADV,0.11
allegro,allegro,ADV,0.11
diaboliquement,diaboliquement,ADV,0.11
distraitement,distraitement,ADV,0.11
dru,dru,ADV,0.11
effroyablement,effroyablement,ADV,0.11
esthétiquement,esthétiquement,ADV,0.11
fraternellement,fraternellement,ADV,0.11
implacablement,implacablement,ADV,0.11
improprement,improprement,ADV,0.11
imprévisiblement,imprévisiblement,ADV,0.11
inhabituellement,inhabituellement,ADV,0.11
lisiblement,lisiblement,ADV,0.11
milieu,milieu,ADV,0.11
niaisement,niaisement,ADV,0.11
pile,pile,ADV,0.11
princièrement,princièrement,ADV,0.11
sacro,sacro,ADV,0.11
sinon,sinon,ADV,0.11
abjectement,abjectement,ADV,0.1
allusivement,allusivement,ADV,0.1
allégoriquement,allégoriquement,ADV,0.1
bienveillamment,bienveillamment,ADV,0.1
capricieusement,capricieusement,ADV,0.1
chronologiquement,chronologiquement,ADV,0.1
dérisoirement,dérisoirement,ADV,0.1
enfantinement,enfantinement,ADV,0.1
exemplairement,exemplairement,ADV,0.1
gaillardement,gaillardement,ADV,0.1
gauchement,gauchement,ADV,0.1
glacialement,glacialement,ADV,0.1
géographiquement,géographiquement,ADV,0.1
idéologiquement,idéologiquement,ADV,0.1
immanquablement,immanquablement,ADV,0.1
insensiblement,insensiblement,ADV,0.1
lumineusement,lumineusement,ADV,0.1
monotonement,monotonement,ADV,0.1
mêmement,mêmement,ADV,0.1
n'est-ce pas,n'est-ce pas,ADV,0.1
nommément,nommément,ADV,0.1
perfidement,perfidement,ADV,0.1
posément,posément,ADV,0.1
quantitativement,quantitativement,ADV,0.1
rêveusement,rêveusement,ADV,0.1
timidement,timidement,ADV,0.1
unilatéralement,unilatéralement,ADV,0.1
usuellement,usuellement,ADV,0.1
vertigineusement,vertigineusement,ADV,0.1
aléatoirement,aléatoirement,ADV,0.09
anatomiquement,anatomiquement,ADV,0.09
anti,anti,ADV,0.09
assidûment,assidûment,ADV,0.09
audacieusement,audacieusement,ADV,0.09
cavalièrement,cavalièrement,ADV,0.09
commodément,commodément,ADV,0.09
démesurément,démesurément,ADV,0.09
impeccablement,impeccablement,ADV,0.09
méthodiquement,méthodiquement,ADV,0.09
numériquement,numériquement,ADV,0.09
originellement,originellement,ADV,0.09
philosophiquement,philosophiquement,ADV,0.09
prestement,prestement,ADV,0.09
romantiquement,romantiquement,ADV,0.09
socio,socio,ADV,0.09
suprêmement,suprêmement,ADV,0.09
tutti frutti,tutti frutti,ADV,0.09
éthiquement,éthiquement,ADV,0.09
géométriquement,géométriquement,ADV,0.08
outrageusement,outrageusement,ADV,0.08
pathologiquement,pathologiquement,ADV,0.08
proportionnellement,proportionnellement,ADV,0.08
préalablement,préalablement,ADV,0.08
recta,recta,ADV,0.08
épais,épais,ADV,0.08
abruptement,abruptement,ADV,0.07
docilement,docilement,ADV,0.07
fantastiquement,fantastiquement,ADV,0.07
galamment,galamment,ADV,0.07
impulsivement,impulsivement,ADV,0.07
in extremis,in extremis,ADV,0.07
inconsidérément,inconsidérément,ADV,0.07
internationalement,internationalement,ADV,0.07
magistralement,magistralement,ADV,0.07
on-line,on-line,ADV,0.07
opportunément,opportunément,ADV,0.07
succinctement,succinctement,ADV,0.07
supérieurement,supérieurement,ADV,0.07
vicieusement,vicieusement,ADV,0.07
viscéralement,viscéralement,ADV,0.07
ahi,ahi,ADV,0.06
harmonieusement,harmonieusement,ADV,0.06
hispano,hispano,ADV,0.06
incorrectement,incorrectement,ADV,0.06
indifféremment,indifféremment,ADV,0.06
ingénieusement,ingénieusement,ADV,0.06
macache,macache,ADV,0.06
majestueusement,majestueusement,ADV,0.06
puissamment,puissamment,ADV,0.06
sobrement,sobrement,ADV,0.06
superficiellement,superficiellement,ADV,0.06
unanimement,unanimement,ADV,0.06
uniformément,uniformément,ADV,0.06
ad infinitum,ad infinitum,ADV,0.05
administrativement,administrativement,ADV,0.05
astucieusement,astucieusement,ADV,0.05
autre,autre,ADV,0.05
censément,censément,ADV,0.05
diligemment,diligemment,ADV,0.05
est-ce,est-ce,ADV,0.05
fougueusement,fougueusement,ADV,0.05
in utero,in utero,ADV,0.05
in vino veritas,in vino veritas,ADV,0.05
inconditionnellement,inconditionnellement,ADV,0.05
interminablement,interminablement,ADV,0.05
lento,lento,ADV,0.05
menu,menu,ADV,0.05
onto,onto,ADV,0.05
pathétiquement,pathétiquement,ADV,0.05
phénoménalement,phénoménalement,ADV,0.05
platoniquement,platoniquement,ADV,0.05
rétroactivement,rétroactivement,ADV,0.05
structurellement,structurellement,ADV,0.05
subito,subito,ADV,0.05
sélectivement,sélectivement,ADV,0.05
à mon encontre,à mon encontre,ADV,0.05
à son encontre,à son encontre,ADV,0.05
é,é,ADV,0.05
éloquemment,éloquemment,ADV,0.05
a capella,a capella,ADV,0.04
a cappella,a cappella,ADV,0.04
a fortiori,a fortiori,ADV,0.04
chic,chic,ADV,0.04
chichement,chichement,ADV,0.04
civilement,civilement,ADV,0.04
crédié,crédié,ADV,0.04
cérébralement,cérébralement,ADV,0.04
dare dare,dare-dare,ADV,0.04
de plano,de plano,ADV,0.04
diplomatiquement,diplomatiquement,ADV,0.04
diversement,diversement,ADV,0.04
grotesquement,grotesquement,ADV,0.04
génialement,génialement,ADV,0.04
impartialement,impartialement,ADV,0.04
insidieusement,insidieusement,ADV,0.04
mystiquement,mystiquement,ADV,0.04
nonchalamment,nonchalamment,ADV,0.04
nonobstant,nonobstant,ADV,0.04
notablement,notablement,ADV,0.04
négligemment,négligemment,ADV,0.04
ore,ore,ADV,0.04
ostensiblement,ostensiblement,ADV,0.04
outre-atlantique,outre-atlantique,ADV,0.04
poétiquement,poétiquement,ADV,0.04
ric-rac,ric-rac,ADV,0.04
spectaculairement,spectaculairement,ADV,0.04
subconsciemment,subconsciemment,ADV,0.04
substantiellement,substantiellement,ADV,0.04
supposément,supposément,ADV,0.04
suspicieusement,suspicieusement,ADV,0.04
tout-fait,tout-fait,ADV,0.04
trimestriellement,trimestriellement,ADV,0.04
vilainement,vilainement,ADV,0.04
à posteriori,a posteriori,ADV,0.04
adéquatement,adéquatement,ADV,0.03
allégrement,allégrement,ADV,0.03
bilatéralement,bilatéralement,ADV,0.03
bric et de broc,bric et de broc,ADV,0.03
brut,brut,ADV,0.03
chouette,chouette,ADV,0.03
chouïa,chouïa,ADV,0.03
compulsivement,compulsivement,ADV,0.03
confusément,confusément,ADV,0.03
constitutionnellement,constitutionnellement,ADV,0.03
conséquemment,conséquemment,ADV,0.03
directos,directos,ADV,0.03
douillettement,douillettement,ADV,0.03
emmi,emmi,ADV,0.03
etc.,etc.,ADV,0.03
ex-petit,ex-petit,ADV,0.03
fiévreusement,fiévreusement,ADV,0.03
foutument,foutument,ADV,0.03
frauduleusement,frauduleusement,ADV,0.03
fâcheusement,fâcheusement,ADV,0.03
gaîment,gaîment,ADV,0.03
géologiquement,géologiquement,ADV,0.03
hideusement,hideusement,ADV,0.03
hystériquement,hystériquement,ADV,0.03
impoliment,impoliment,ADV,0.03
incontinent,incontinent,ADV,0.03
indo,indo,ADV,0.03
insuffisamment,insuffisamment,ADV,0.03
inégalement,inégalement,ADV,0.03
irréfutablement,irréfutablement,ADV,0.03
irrégulièrement,irrégulièrement,ADV,0.03
item,item,ADV,0.03
magico,magico,ADV,0.03
maritalement,maritalement,ADV,0.03
mezzo,mezzo,ADV,0.03
monumentalement,monumentalement,ADV,0.03
morpho,morpho,ADV,0.03
nippo,nippo,ADV,0.03
odieusement,odieusement,ADV,0.03
onc,onc,ADV,0.03
pasque,pasque,ADV,0.03
phonétiquement,phonétiquement,ADV,0.03
piètrement,piètrement,ADV,0.03
postérieurement,postérieurement,ADV,0.03
pénalement,pénalement,ADV,0.03
rageusement,rageusement,ADV,0.03
savamment,savamment,ADV,0.03
sic transit gloria mundi,sic transit gloria mundi,ADV,0.03
sitcom,sitcom,ADV,0.03
symétriquement,symétriquement,ADV,0.03
syro,syro,ADV,0.03
textuellement,textuellement,ADV,0.03
théologiquement,théologiquement,ADV,0.03
triomphalement,triomphalement,ADV,0.03
utilement,utilement,ADV,0.03
voracement,voracement,ADV,0.03
zig-zig,zig-zig,ADV,0.03
à leur encontre,à leur encontre,ADV,0.03
ad patres,ad patres,ADV,0.02
astronomiquement,astronomiquement,ADV,0.02
austro,austro,ADV,0.02
autres,autres,ADV,0.02
bestialement,bestialement,ADV,0.02
biochimiquement,biochimiquement,ADV,0.02
canado,canado,ADV,0.02
consécutivement,consécutivement,ADV,0.02
cosmiquement,cosmiquement,ADV,0.02
criminellement,criminellement,ADV,0.02
cérémonieusement,cérémonieusement,ADV,0.02
diminuendo,diminuendo,ADV,0.02
dixièmement,dixièmement,ADV,0.02
drastiquement,drastiquement,ADV,0.02
débilement,débilement,ADV,0.02
déloyalement,déloyalement,ADV,0.02
fameusement,fameusement,ADV,0.02
fanatiquement,fanatiquement,ADV,0.02
illégitimement,illégitimement,ADV,0.02
imparfaitement,imparfaitement,ADV,0.02
in absentia,in absentia,ADV,0.02
ineffablement,ineffablement,ADV,0.02
inopportunément,inopportunément,ADV,0.02
intolérablement,intolérablement,ADV,0.02
intra,intra,ADV,0.02
irrespectueusement,irrespectueusement,ADV,0.02
laborieusement,laborieusement,ADV,0.02
langoureusement,langoureusement,ADV,0.02
lascivement,lascivement,ADV,0.02
lestement,lestement,ADV,0.02
lucidement,lucidement,ADV,0.02
malicieusement,malicieusement,ADV,0.02
moindrement,moindrement,ADV,0.02
neurologiquement,neurologiquement,ADV,0.02
nuitamment,nuitamment,ADV,0.02
obliquement,obliquement,ADV,0.02
oisivement,oisivement,ADV,0.02
ontologiquement,ontologiquement,ADV,0.02
opiniâtrement,opiniâtrement,ADV,0.02
organiquement,organiquement,ADV,0.02
ostinato,ostinato,ADV,0.02
perpendiculairement,perpendiculairement,ADV,0.02
piu,piu,ADV,0.02
plaisamment,plaisamment,ADV,0.02
primitivement,primitivement,ADV,0.02
pudiquement,pudiquement,ADV,0.02
quarto,quarto,ADV,0.02
quasi-inconnu,quasi-inconnu,ADV,0.02
quasi-instantanée,quasi-instantanée,ADV,0.02
racialement,racialement,ADV,0.02
regrettablement,regrettablement,ADV,0.02
rythmiquement,rythmiquement,ADV,0.02
servilement,servilement,ADV,0.02
sublimement,sublimement,ADV,0.02
théâtralement,théâtralement,ADV,0.02
tumultueusement,tumultueusement,ADV,0.02
tête-bêche,tête-bêche,ADV,0.02
vae victis,vae victis,ADV,0.02
vox populi,vox populi,ADV,0.02
à la saint-glinglin,à la saint-glinglin,ADV,0.02
à notre encontre,à notre encontre,ADV,0.02
à ton encontre,à ton encontre,ADV,0.02
a posteriori,a posteriori,ADV,0.01
ab initio,ab initio,ADV,0.01
abominablement,abominablement,ADV,0.01
académiquement,académiquement,ADV,0.01
acrobatiquement,acrobatiquement,ADV,0.01
ahou,ahou,ADV,0.01
alerte,alerte,ADV,0.01
analytiquement,analytiquement,ADV,0.01
anarchiquement,anarchiquement,ADV,0.01
ancestralement,ancestralement,ADV,0.01
anthropologiquement,anthropologiquement,ADV,0.01
anticonstitutionnellement,anticonstitutionnellement,ADV,0.01
architecturalement,architecturalement,ADV,0.01
arithmétiquement,arithmétiquement,ADV,0.01
artisanalement,artisanalement,ADV,0.01
astrologiquement,astrologiquement,ADV,0.01
autoritairement,autoritairement,ADV,0.01
bons-cadeaux,bon-cadeaux,ADV,0.01
botaniquement,botaniquement,ADV,0.01
boudi,boudi,ADV,0.01
béatement,béatement,ADV,0.01
bésef,bésef,ADV,0.01
bézef,bézef,ADV,0.01
caf,caf,ADV,0.01
charitablement,charitablement,ADV,0.01
chastement,chastement,ADV,0.01
chiquement,chiquement,ADV,0.01
cinématographiquement,cinématographiquement,ADV,0.01
classico,classico,ADV,0.01
complaisamment,complaisamment,ADV,0.01
conceptuellement,conceptuellement,ADV,0.01
continûment,continûment,ADV,0.01
conventionnellement,conventionnellement,ADV,0.01
convulsivement,convulsivement,ADV,0.01
crânement,crânement,ADV,0.01
cycliquement,cycliquement,ADV,0.01
de guingois,de guingois,ADV,0.01
demi-pas,demi-pas,ADV,0.01
derechef,derechef,ADV,0.01
diagonalement,diagonalement,ADV,0.01
droitement,droitement,ADV,0.01
dédaigneusement,dédaigneusement,ADV,0.01
dégueulassement,dégueulassement,ADV,0.01
démonstrativement,démonstrativement,ADV,0.01
déplorablement,déplorablement,ADV,0.01
désastreusement,désastreusement,ADV,0.01
ecsta,ecsta,ADV,0.01
emphatiquement,emphatiquement,ADV,0.01
ethniquement,ethniquement,ADV,0.01
expérimentalement,expérimentalement,ADV,0.01
fallacieusement,fallacieusement,ADV,0.01
figurativement,figurativement,ADV,0.01
fiscalement,fiscalement,ADV,0.01
fortissimo,fortissimo,ADV,0.01
frugalement,frugalement,ADV,0.01
goutte,goutte,ADV,0.01
haineusement,haineusement,ADV,0.01
harmoniquement,harmoniquement,ADV,0.01
hiérarchiquement,hiérarchiquement,ADV,0.01
hygiéniquement,hygiéniquement,ADV,0.01
hélico,hélico,ADV,0.01
il,il,ADV,0.01
illicitement,illicitement,ADV,0.01
immuablement,immuablement,ADV,0.01
impudiquement,impudiquement,ADV,0.01
impétueusement,impétueusement,ADV,0.01
in vitro,in vitro,ADV,0.01
inadéquatement,inadéquatement,ADV,0.01
inclusivement,inclusivement,ADV,0.01
incomparablement,incomparablement,ADV,0.01
inconfortablement,inconfortablement,ADV,0.01
indiciblement,indiciblement,ADV,0.01
indissolublement,indissolublement,ADV,0.01
indistinctement,indistinctement,ADV,0.01
indécemment,indécemment,ADV,0.01
inexactement,inexactement,ADV,0.01
inhumainement,inhumainement,ADV,0.01
inimaginablement,inimaginablement,ADV,0.01
intelligiblement,intelligiblement,ADV,0.01
intra muros,intra muros,ADV,0.01
intra-muros,intra-muros,ADV,0.01
invinciblement,invinciblement,ADV,0.01
invisiblement,invisiblement,ADV,0.01
irrationnellement,irrationnellement,ADV,0.01
irréductiblement,irréductiblement,ADV,0.01
judéo,judéo,ADV,0.01
km,km,ADV,0.01
l'une,l'une,ADV,0.01
laconiquement,laconiquement,ADV,0.01
languissamment,languissamment,ADV,0.01
legato,legato,ADV,0.01
linguistiquement,linguistiquement,ADV,0.01
linéairement,linéairement,ADV,0.01
littérairement,littérairement,ADV,0.01
louis,louis,ADV,0.01
malignement,malignement,ADV,0.01
marginalement,marginalement,ADV,0.01
mensuellement,mensuellement,ADV,0.01
microscopiquement,microscopiquement,ADV,0.01
militaro,militaro,ADV,0.01
mièvrement,mièvrement,ADV,0.01
mn,mn,ADV,0.01
morbidement,morbidement,ADV,0.01
mornement,mornement,ADV,0.01
mélodieusement,mélodieusement,ADV,0.01
méprisamment,méprisamment,ADV,0.01
métaphysiquement,métaphysiquement,ADV,0.01
météoriquement,météoriquement,ADV,0.01
nominalement,nominalement,ADV,0.01
nota bene,nota bene,ADV,0.01
obscurément,obscurément,ADV,0.01
obscènement,obscènement,ADV,0.01
obsessionnellement,obsessionnellement,ADV,0.01
obséquieusement,obséquieusement,ADV,0.01
octavo,octavo,ADV,0.01
originalement,originalement,ADV,0.01
ousque,ousque,ADV,0.01
pakistano,pakistano,ADV,0.01
paléo,paléo,ADV,0.01
paraboliquement,paraboliquement,ADV,0.01
paresseusement,paresseusement,ADV,0.01
pas-je,pas-je,ADV,0.01
passé,passé,ADV,0.01
paternellement,paternellement,ADV,0.01
pensivement,pensivement,ADV,0.01
pile-poil,pile-poil,ADV,0.01
più,più,ADV,0.01
play,play,ADV,0.01
plupart,plupart,ADV,0.01
pompeusement,pompeusement,ADV,0.01
pragmatiquement,pragmatiquement,ADV,0.01
privément,privément,ADV,0.01
précautionneusement,précautionneusement,ADV,0.01
précocement,précocement,ADV,0.01
préférablement,préférablement,ADV,0.01
publico,publico,ADV,0.01
puérilement,puérilement,ADV,0.01
péjorativement,péjorativement,ADV,0.01
quanto,quanto,ADV,0.01
quasi-débutant,quasi-débutant,ADV,0.01
quasi-maximum,quasi-maximum,ADV,0.01
quater,quater,ADV,0.01
radieusement,radieusement,ADV,0.01
rasibus,rasibus,ADV,0.01
redoutablement,redoutablement,ADV,0.01
révolutionnairement,révolutionnairement,ADV,0.01
sadiquement,sadiquement,ADV,0.01
schématiquement,schématiquement,ADV,0.01
scolairement,scolairement,ADV,0.01
semblablement,semblablement,ADV,0.01
semestriellement,semestriellement,ADV,0.01
sempiternellement,sempiternellement,ADV,0.01
sexto,sexto,ADV,0.01
sinistrement,sinistrement,ADV,0.01
sixièmement,sixièmement,ADV,0.01
solitairement,solitairement,ADV,0.01
spasmodiquement,spasmodiquement,ADV,0.01
spatialement,spatialement,ADV,0.01
sphériquement,sphériquement,ADV,0.01
stricto sensu,stricto sensu,ADV,0.01
suavement,suavement,ADV,0.01
subjectivement,subjectivement,ADV,0.01
synthétiquement,synthétiquement,ADV,0.01
séquentiellement,séquentiellement,ADV,0.01
tacitement,tacitement,ADV,0.01
transitoirement,transitoirement,ADV,0.01
transversalement,transversalement,ADV,0.01
traîtreusement,traîtreusement,ADV,0.01
triplement,triplement,ADV,0.01
trivialement,trivialement,ADV,0.01
trompeusement,trompeusement,ADV,0.01
télépathiquement,télépathiquement,ADV,0.01
ultimement,ultimement,ADV,0.01
upas,upas,ADV,0.01
urbi et orbi,urbi et orbi,ADV,0.01
urgemment,urgemment,ADV,0.01
valeureusement,valeureusement,ADV,0.01
virilement,virilement,ADV,0.01
vocalement,vocalement,ADV,0.01
voluptueusement,voluptueusement,ADV,0.01
véhémentement,véhémentement,ADV,0.01
vélocement,vélocement,ADV,0.01
véridiquement,véridiquement,ADV,0.01
à croupetons,à croupetons,ADV,0.01
à l'encan,à l'encan,ADV,0.01
écologiquement,écologiquement,ADV,0.01
épisodiquement,épisodiquement,ADV,0.01
étourdiment,étourdiment,ADV,0.01
étymologiquement,étymologiquement,ADV,0.01
évasivement,évasivement,ADV,0.01
a contrario,a contrario,ADV,0
a giorno,a giorno,ADV,0
ab absurdo,ab absurdo,ADV,0
ab ovo,ab ovo,ADV,0
abstraitement,abstraitement,ADV,0
accelerando,accelerando,ADV,0
acrimonieusement,acrimonieusement,ADV,0
ad libitum,ad libitum,ADV,0
ad limina,ad limina,ADV,0
ad majorem dei gloriam,ad majorem dei gloriam,ADV,0
ad nutum,ad nutum,ADV,0
ad vitam aeternam,ad vitam aeternam,ADV,0
adagio,adagio,ADV,0
admirativement,admirativement,ADV,0
adonc,adonc,ADV,0
adoncques,adoncques,ADV,0
affablement,affablement,ADV,0
affirmativement,affirmativement,ADV,0
aglagla,aglagla,ADV,0
aigrement,aigrement,ADV,0
alertement,alertement,ADV,0
algébriquement,algébriquement,ADV,0
allegretto,allegretto,ADV,0
alter,alter,ADV,0
altièrement,altièrement,ADV,0
anachroniquement,anachroniquement,ADV,0
anaphoriquement,anaphoriquement,ADV,0
anch'io son pittore,anch'io son pittore,ADV,0
andante,andante,ADV,0
anecdotiquement,anecdotiquement,ADV,0
angéliquement,angéliquement,ADV,0
animalement,animalement,ADV,0
approbativement,approbativement,ADV,0
ardito,ardito,ADV,0
ardûment,ardûment,ADV,0
aristocratiquement,aristocratiquement,ADV,0
arrogamment,arrogamment,ADV,0
artistement,artistement,ADV,0
assyro,assyro,ADV,0
asymétriquement,asymétriquement,ADV,0
aujourd'hui,aujourd'huie,ADV,0
austèrement,austèrement,ADV,0
automatico,automatico,ADV,0
avarement,avarement,ADV,0
avaricieusement,avaricieusement,ADV,0
balistiquement,balistiquement,ADV,0
balto,balto,ADV,0
barbarement,barbarement,ADV,0
belliqueusement,belliqueusement,ADV,0
benoîtement,benoîtement,ADV,0
besef,besef,ADV,0
bezef,bezef,ADV,0
bienheureusement,bienheureusement,ADV,0
bonassement,bonassement,ADV,0
bouffonnement,bouffonnement,ADV,0
bourgeoisement,bourgeoisement,ADV,0
budgétairement,budgétairement,ADV,0
bulgaro,bulgaro,ADV,0
bureaucratiquement,bureaucratiquement,ADV,0
bénignement,bénignement,ADV,0
c'est-à-dire,c'est-à-dire,ADV,0
c'est-à-dire,c'est-à-diree,ADV,0
cahin-caha,cahin-caha,ADV,0
calligraphiquement,calligraphiquement,ADV,0
canaillement,canaillement,ADV,0
candidement,candidement,ADV,0
canoniquement,canoniquement,ADV,0
capitalement,capitalement,ADV,0
catastrophiquement,catastrophiquement,ADV,0
catholiquement,catholiquement,ADV,0
cauteleusement,cauteleusement,ADV,0
cellulairement,cellulairement,ADV,0
chaotiquement,chaotiquement,ADV,0
charnellement,charnellement,ADV,0
chevaleresquement,chevaleresquement,ADV,0
chimériquement,chimériquement,ADV,0
chouettement,chouettement,ADV,0
chroniquement,chroniquement,ADV,0
chétivement,chétivement,ADV,0
ci-contre,ci-contre,ADV,0
circulairement,circulairement,ADV,0
classiquement,classiquement,ADV,0
clopin-clopant,clopin-clopant,ADV,0
cocassement,cocassement,ADV,0
coléreusement,coléreusement,ADV,0
complémentairement,complémentairement,ADV,0
concurremment,concurremment,ADV,0
conditionnellement,conditionnellement,ADV,0
confraternellement,confraternellement,ADV,0
congrûment,congrûment,ADV,0
congénitalement,congénitalement,ADV,0
conjugalement,conjugalement,ADV,0
connement,connement,ADV,0
contemplativement,contemplativement,ADV,0
contradictoirement,contradictoirement,ADV,0
conventuellement,conventuellement,ADV,0
coquettement,coquettement,ADV,0
coquinement,coquinement,ADV,0
corrélativement,corrélativement,ADV,0
coupablement,coupablement,ADV,0
courtement,courtement,ADV,0
coutumièrement,coutumièrement,ADV,0
coûteusement,coûteusement,ADV,0
craintivement,craintivement,ADV,0
crapuleusement,crapuleusement,ADV,0
croa croa,croa-croa,ADV,0
croa-croa,croa-croa,ADV,0
crouille,crouille,ADV,0
crucialement,crucialement,ADV,0
cupidement,cupidement,ADV,0
cyniquement,cyniquement,ADV,0
câlinement,câlinement,ADV,0
d'emblée,d'embléee,ADV,0
de auditu,de auditu,ADV,0
decrescendo,decrescendo,ADV,0
dextrement,dextrement,ADV,0
didactiquement,didactiquement,ADV,0
dignus est intrare,dignus est intrare,ADV,0
directo,directo,ADV,0
disgracieusement,disgracieusement,ADV,0
dispendieusement,dispendieusement,ADV,0
dito,dito,ADV,0
doctement,doctement,ADV,0
domestiquement,domestiquement,ADV,0
doucereusement,doucereusement,ADV,0
doucettement,doucettement,ADV,0
douteusement,douteusement,ADV,0
dubitativement,dubitativement,ADV,0
durablement,durablement,ADV,0
défavorablement,défavorablement,ADV,0
défectueusement,défectueusement,ADV,0
démographiquement,démographiquement,ADV,0
démoniaquement,démoniaquement,ADV,0
déraisonnablement,déraisonnablement,ADV,0
désordonnément,désordonnément,ADV,0
déterminément,déterminément,ADV,0
détestablement,détestablement,ADV,0
dévotement,dévotement,ADV,0
dévotieusement,dévotieusement,ADV,0
effrayamment,effrayamment,ADV,0
empiriquement,empiriquement,ADV,0
espièglement,espièglement,ADV,0
et seq,et seq,ADV,0
etcetera,etcetera,ADV,0
euphoniquement,euphoniquement,ADV,0
ex abrupto,ex abrupto,ADV,0
ex nihilo,ex nihilo,ADV,0
exhaustivement,exhaustivement,ADV,0
exotiquement,exotiquement,ADV,0
expertement,expertement,ADV,0
expressivement,expressivement,ADV,0
extatiquement,extatiquement,ADV,0
extra-muros,extra-muros,ADV,0
facétieusement,facétieusement,ADV,0
fadement,fadement,ADV,0
fantasmatiquement,fantasmatiquement,ADV,0
fantasquement,fantasquement,ADV,0
fantomatiquement,fantomatiquement,ADV,0
fastidieusement,fastidieusement,ADV,0
fastueusement,fastueusement,ADV,0
fictivement,fictivement,ADV,0
fielleusement,fielleusement,ADV,0
filialement,filialement,ADV,0
flegmatiquement,flegmatiquement,ADV,0
florès,florès,ADV,0
fluidement,fluidement,ADV,0
fonctionnellement,fonctionnellement,ADV,0
fragilement,fragilement,ADV,0
frileusement,frileusement,ADV,0
fugacement,fugacement,ADV,0
fugitivement,fugitivement,ADV,0
funestement,funestement,ADV,0
futilement,futilement,ADV,0
féeriquement,féeriquement,ADV,0
félinement,félinement,ADV,0
gauloisement,gauloisement,ADV,0
glauquement,glauquement,ADV,0
gloutonnement,gloutonnement,ADV,0
gourmandement,gourmandement,ADV,0
grand-faim,grand-faim,ADV,0
grand-hâte,grand-hâte,ADV,0
grand-peur,grand-peur,ADV,0
grandiosement,grandiosement,ADV,0
gratis pro deo,gratis pro deo,ADV,0
hargneusement,hargneusement,ADV,0
hasardeusement,hasardeusement,ADV,0
hautainement,hautainement,ADV,0
hebdomadairement,hebdomadairement,ADV,0
hic et nunc,hic et nunc,ADV,0
hiératiquement,hiératiquement,ADV,0
hostilement,hostilement,ADV,0
humidement,humidement,ADV,0
hyperboliquement,hyperboliquement,ADV,0
hypnotiquement,hypnotiquement,ADV,0
hébraïquement,hébraïquement,ADV,0
hémi,hémi,ADV,0
héréditairement,héréditairement,ADV,0
hérédo,hérédo,ADV,0
identiquement,identiquement,ADV,0
idiotement,idiotement,ADV,0
ignominieusement,ignominieusement,ADV,0
illogiquement,illogiquement,ADV,0
illusoirement,illusoirement,ADV,0
illustrement,illustrement,ADV,0
imaginairement,imaginairement,ADV,0
imbécilement,imbécilement,ADV,0
immodérément,immodérément,ADV,0
impalpablement,impalpablement,ADV,0
imparablement,imparablement,ADV,0
impardonnablement,impardonnablement,ADV,0
impassiblement,impassiblement,ADV,0
impertinemment,impertinemment,ADV,0
imperturbablement,imperturbablement,ADV,0
impromptu,impromptu,ADV,0
impérieusement,impérieusement,ADV,0
in abstracto,in abstracto,ADV,0
in anima vili,in anima vili,ADV,0
in cauda venenum,in cauda venenum,ADV,0
in extenso,in extenso,ADV,0
in petto,in petto,ADV,0
in vivo,in vivo,ADV,0
inavouablement,inavouablement,ADV,0
incoerciblement,incoerciblement,ADV,0
incommensurablement,incommensurablement,ADV,0
incomplètement,incomplètement,ADV,0
incompréhensiblement,incompréhensiblement,ADV,0
inconcevablement,inconcevablement,ADV,0
incorrigiblement,incorrigiblement,ADV,0
indescriptiblement,indescriptiblement,ADV,0
indiscrètement,indiscrètement,ADV,0
indolemment,indolemment,ADV,0
industriellement,industriellement,ADV,0
industrieusement,industrieusement,ADV,0
indécrottablement,indécrottablement,ADV,0
indéfectiblement,indéfectiblement,ADV,0
indéfinissablement,indéfinissablement,ADV,0
ineffaçablement,ineffaçablement,ADV,0
ineptement,ineptement,ADV,0
inespérément,inespérément,ADV,0
inexprimablement,inexprimablement,ADV,0
inexpugnablement,inexpugnablement,ADV,0
infantilement,infantilement,ADV,0
infatigablement,infatigablement,ADV,0
infectement,infectement,ADV,0
infernalement,infernalement,ADV,0
infinitésimalement,infinitésimalement,ADV,0
inflexiblement,inflexiblement,ADV,0
inglorieusement,inglorieusement,ADV,0
ingratement,ingratement,ADV,0
ingénument,ingénument,ADV,0
inimitablement,inimitablement,ADV,0
injurieusement,injurieusement,ADV,0
innombrablement,innombrablement,ADV,0
inoubliablement,inoubliablement,ADV,0
insatiablement,insatiablement,ADV,0
insensément,insensément,ADV,0
insolitement,insolitement,ADV,0
insondablement,insondablement,ADV,0
insoucieusement,insoucieusement,ADV,0
instinctivo,instinctivo,ADV,0
inséparablement,inséparablement,ADV,0
intarissablement,intarissablement,ADV,0
intempestivement,intempestivement,ADV,0
interrogativement,interrogativement,ADV,0
intrépidement,intrépidement,ADV,0
invraisemblablement,invraisemblablement,ADV,0
inélégamment,inélégamment,ADV,0
inépuisablement,inépuisablement,ADV,0
irréellement,irréellement,ADV,0
irréparablement,irréparablement,ADV,0
irréprochablement,irréprochablement,ADV,0
irrévérencieusement,irrévérencieusement,ADV,0
jacqueline,jacqueline,ADV,0
jeunement,jeunement,ADV,0
jovialement,jovialement,ADV,0
jusques,jusques,ADV,0
laidement,laidement,ADV,0
lanlaire,lanlaire,ADV,0
lerch,lerch,ADV,0
lerche,lerche,ADV,0
libéralement,libéralement,ADV,0
lointainement,lointainement,ADV,0
longitudinalement,longitudinalement,ADV,0
lorsque,lorsque,ADV,0
lugubrement,lugubrement,ADV,0
là-devant,là-devant,ADV,0
maigrement,maigrement,ADV,0
malaisément,malaisément,ADV,0
malhabilement,malhabilement,ADV,0
malproprement,malproprement,ADV,0
malsainement,malsainement,ADV,0
maniaquement,maniaquement,ADV,0
maternellement,maternellement,ADV,0
matinalement,matinalement,ADV,0
maussadement,maussadement,ADV,0
mauvaisement,mauvaisement,ADV,0
mensongèrement,mensongèrement,ADV,0
mesquinement,mesquinement,ADV,0
mezza voce,mezza voce,ADV,0
mezza-voce,mezza-voce,ADV,0
mignardement,mignardement,ADV,0
mignonnement,mignonnement,ADV,0
miséricordieusement,miséricordieusement,ADV,0
miteusement,miteusement,ADV,0
moderato,moderato,ADV,0
moelleusement,moelleusement,ADV,0
moitié-moitié,moitié-moitié,ADV,0
mondainement,mondainement,ADV,0
moqueusement,moqueusement,ADV,0
morosement,morosement,ADV,0
motu proprio,motu proprio,ADV,0
muettement,muettement,ADV,0
musico,musico,ADV,0
mutatis mutandis,mutatis mutandis,ADV,0
méditativement,méditativement,ADV,0
mélancoliquement,mélancoliquement,ADV,0
narcissiquement,narcissiquement,ADV,0
narquoisement,narquoisement,ADV,0
nationalement,nationalement,ADV,0
ne varietur,ne varietur,ADV,0
nigaudement,nigaudement,ADV,0
nihil obstat,nihil obstat,ADV,0
nimbo,nimbo,ADV,0
non troppo,non troppo,ADV,0
nostalgiquement,nostalgiquement,ADV,0
obligado,obligado,ADV,0
obligeamment,obligeamment,ADV,0
occultement,occultement,ADV,0
ombrageusement,ombrageusement,ADV,0
onctueusement,onctueusement,ADV,0
optime,optime,ADV,0
originairement,originairement,ADV,0
oseraient,oseraient,ADV,0
ostentatoirement,ostentatoirement,ADV,0
outre-manche,outre-manche,ADV,0
outre-rhin,outre-rhin,ADV,0
paillardement,paillardement,ADV,0
parcimonieusement,parcimonieusement,ADV,0
parodiquement,parodiquement,ADV,0
passagèrement,passagèrement,ADV,0
passim,passim,ADV,0
passionnellement,passionnellement,ADV,0
patriotiquement,patriotiquement,ADV,0
peinardement,peinardement,ADV,0
persévéramment,persévéramment,ADV,0
perversement,perversement,ADV,0
pesamment,pesamment,ADV,0
peureusement,peureusement,ADV,0
picturalement,picturalement,ADV,0
pipo,pipo,ADV,0
placidement,placidement,ADV,0
plaintivement,plaintivement,ADV,0
plausiblement,plausiblement,ADV,0
plein-air,plein-air,ADV,0
poussivement,poussivement,ADV,0
primordialement,primordialement,ADV,0
prompto,prompto,ADV,0
prophétiquement,prophétiquement,ADV,0
prosaïquement,prosaïquement,ADV,0
providentiellement,providentiellement,ADV,0
provincialement,provincialement,ADV,0
précairement,précairement,ADV,0
préventivement,préventivement,ADV,0
publicitairement,publicitairement,ADV,0
puisque,puisque,ADV,0
pyramidalement,pyramidalement,ADV,0
pâlement,pâlement,ADV,0
pâteusement,pâteusement,ADV,0
pécuniairement,pécuniairement,ADV,0
pédestrement,pédestrement,ADV,0
pédibus,pédibus,ADV,0
pénardement,pénardement,ADV,0
péremptoirement,péremptoirement,ADV,0
périlleusement,périlleusement,ADV,0
pêle-mêle,pêle-mêle,ADV,0
quasi-voisines,quasi-voisines,ADV,0
quiètement,quiètement,ADV,0
racisme,racisme,ADV,0
raidement,raidement,ADV,0
rarissimement,rarissimement,ADV,0
recto tono,recto tono,ADV,0
ric et rac,ric et rac,ADV,0
ric-à-rac,ric-à-rac,ADV,0
rigidement,rigidement,ADV,0
rinforzando,rinforzando,ADV,0
risiblement,risiblement,ADV,0
robustement,robustement,ADV,0
roidement,roidement,ADV,0
rubato,rubato,ADV,0
révérencieusement,révérencieusement,ADV,0
saintement,saintement,ADV,0
salutairement,salutairement,ADV,0
sarcastiquement,sarcastiquement,ADV,0
sardoniquement,sardoniquement,ADV,0
savoureusement,savoureusement,ADV,0
secondairement,secondairement,ADV,0
secondement,secondement,ADV,0
sensationnellement,sensationnellement,ADV,0
sensément,sensément,ADV,0
sentencieusement,sentencieusement,ADV,0
similairement,similairement,ADV,0
sine die,sine die,ADV,0
sinueusement,sinueusement,ADV,0
sociologiquement,sociologiquement,ADV,0
solidairement,solidairement,ADV,0
somnambuliquement,somnambuliquement,ADV,0
songeusement,songeusement,ADV,0
sonorement,sonorement,ADV,0
sostenuto,sostenuto,ADV,0
souplement,souplement,ADV,0
sourdement,sourdement,ADV,0
souterrainement,souterrainement,ADV,0
souventefois,souventefois,ADV,0
souventes fois,souventes fois,ADV,0
soyeusement,soyeusement,ADV,0
sportivement,sportivement,ADV,0
spécieusement,spécieusement,ADV,0
stablement,stablement,ADV,0
stalino,stalino,ADV,0
stoïquement,stoïquement,ADV,0
structuralement,structuralement,ADV,0
studieusement,studieusement,ADV,0
stérilement,stérilement,ADV,0
subsidiairement,subsidiairement,ADV,0
sufficit,sufficit,ADV,0
suivant,suivant,ADV,0
superlativement,superlativement,ADV,0
superstitieusement,superstitieusement,ADV,0
surabondamment,surabondamment,ADV,0
sursum corda,sursum corda,ADV,0
séculairement,séculairement,ADV,0
sénilement,sénilement,ADV,0
tactilement,tactilement,ADV,0
talentueusement,talentueusement,ADV,0
tandis que,tandis que,ADV,0
temporellement,temporellement,ADV,0
tenacement,tenacement,ADV,0
tendancieusement,tendancieusement,ADV,0
territorialement,territorialement,ADV,0
thématiquement,thématiquement,ADV,0
tièdement,tièdement,ADV,0
topographiquement,topographiquement,ADV,0
tranquillos,tranquillos,ADV,0
triangulairement,triangulairement,ADV,0
témérairement,témérairement,ADV,0
ultimo,ultimo,ADV,0
uniment,uniment,ADV,0
vae soli,vae soli,ADV,0
valablement,valablement,ADV,0
vaniteusement,vaniteusement,ADV,0
venimeusement,venimeusement,ADV,0
vertueusement,vertueusement,ADV,0
victorieusement,victorieusement,ADV,0
vindicativement,vindicativement,ADV,0
virginalement,virginalement,ADV,0
vitement,vitement,ADV,0
volubilement,volubilement,ADV,0
à brûle-pourpoint,à_brûle-pourpoint,ADV,0
à cloche-pied,à_cloche-pied,ADV,0
à cropetons,à cropetons,ADV,0
à giorno,à giorno,ADV,0
à glagla,à glagla,ADV,0
à la daumont,à la daumont,ADV,0
à lurelure,à lurelure,ADV,0
à rebrousse-poil,à_rebrousse-poil,ADV,0
à tire-larigot,à_tire-larigot,ADV,0
à touche-touche,à_touche-touche,ADV,0
à tue-tête,à_tue-tête,ADV,0
âcrement,âcrement,ADV,0
électivement,électivement,ADV,0
électoralement,électoralement,ADV,0
énigmatiquement,énigmatiquement,ADV,0
épaissement,épaissement,ADV,0
épatamment,épatamment,ADV,0
éphémèrement,éphémèrement,ADV,0